token,txhash,blockno,price,rtoken,symbol
0x1f4e35D4380D91AF30eDca625C8d158019786299,0x65eaea0ff41dc88487dd5a59a62879af583b29534094f2b91b3a384aa350b0e3,13266027,0,0x1f4e35D4380D91AF30eDca625C8d158019786299,0
0x1f4e35D4380D91AF30eDca625C8d158019786299,0x7d1b008736f42c80d98834039b5e3d8e948383276e8053c3b0a9838f63111832,13285055,0,0x1f4e35D4380D91AF30eDca625C8d158019786299,0
0x1f4e35D4380D91AF30eDca625C8d158019786299,0x035e81595527b065c1529a8e08677b5ac88c26d5c3e9061955fa2e3ec8575138,13294537,0,0x1f4e35D4380D91AF30eDca625C8d158019786299,0
0x1f4e35D4380D91AF30eDca625C8d158019786299,0xc26dfcd1ee9cd06bb33f21ed16307720f20ba2c83b67078f3463907fc3db36fb,13322263,0,0x1f4e35D4380D91AF30eDca625C8d158019786299,0
0x1f4e35D4380D91AF30eDca625C8d158019786299,0x335144417f9d5539693c41a6d22b6fe40e61012a28486e34f00c979b4af149df,13340922,0,0x1f4e35D4380D91AF30eDca625C8d158019786299,0
0x1f4e35D4380D91AF30eDca625C8d158019786299,0x40c28417667233928bbdb2315001ad1c697f8e5d0a8b677b0fb7ce81f063851e,13351500,0,0x1f4e35D4380D91AF30eDca625C8d158019786299,0
0x1f4e35D4380D91AF30eDca625C8d158019786299,0x40f07f0c2209c6f6587d7bf1b2cf546e0d66baf618380a3fbb7842e979e670be,13353786,0,0x1f4e35D4380D91AF30eDca625C8d158019786299,0
0x1f4e35D4380D91AF30eDca625C8d158019786299,0x06f3b0d00acc91219f529b2d2131c3c4a6037c2a1a41bd9c6be463c33521e688,13353898,0,0x1f4e35D4380D91AF30eDca625C8d158019786299,0
0x1f4e35D4380D91AF30eDca625C8d158019786299,0x1387f8754a80865212fd9ab97881da5b7446e1b7bc92a128d703e8b5810077c5,13364615,0,0x1f4e35D4380D91AF30eDca625C8d158019786299,0
0x1f4e35D4380D91AF30eDca625C8d158019786299,0x3633cb09027504cba3beb7554c223c89288b88900001a2024bcb24635c49906b,13371451,0,0x1f4e35D4380D91AF30eDca625C8d158019786299,0
0x1f4e35D4380D91AF30eDca625C8d158019786299,0x56a2fa76da8c5e661c6a103594a32b4c5f1f94d79a695aaf7c87aceb10458a66,13375364,0,0x1f4e35D4380D91AF30eDca625C8d158019786299,0
0x1f4e35D4380D91AF30eDca625C8d158019786299,0x2441519fff06d7c61c117c6f55efb0aced9af43004af2e6db6e0a9e45284eb9e,13382152,0,0x1f4e35D4380D91AF30eDca625C8d158019786299,0
0x1f4e35D4380D91AF30eDca625C8d158019786299,0x60220c0b6525d70aea532bd0f00c9aed0b4ed9071bbad7e8bb71c0d65ccae492,13383998,0,0x1f4e35D4380D91AF30eDca625C8d158019786299,0
0x1f4e35D4380D91AF30eDca625C8d158019786299,0x91fc2e7d80e7dec7ce148c4faf8111ff9dc891f3fe27c002aae0ea16bbb675c2,13384893,0,0x1f4e35D4380D91AF30eDca625C8d158019786299,0
0x1f4e35D4380D91AF30eDca625C8d158019786299,0x8865aa0ba0c57bf26b77f8591c744cccc42f05a7ea80d3b3bd823da8c0d7fa5f,13393511,0,0x1f4e35D4380D91AF30eDca625C8d158019786299,0
0x1f4e35D4380D91AF30eDca625C8d158019786299,0x5b2b1f3904a80db7acaa89b77c9e1bd250e3e3835968e4f9d27dff5bc64167a3,13412963,0,0x1f4e35D4380D91AF30eDca625C8d158019786299,0
0x1f4e35D4380D91AF30eDca625C8d158019786299,0xb4d64699cf6b55dce1de4b8d857f7113aad65c23da726863933857bd173ca250,13427729,0,0x1f4e35D4380D91AF30eDca625C8d158019786299,0
0x1f4e35D4380D91AF30eDca625C8d158019786299,0xe74903bb748118e8a9213acafa7ed9dfceb14df6d5e1c04c050e936affe135bf,13437189,0,0x1f4e35D4380D91AF30eDca625C8d158019786299,0
0x1f4e35D4380D91AF30eDca625C8d158019786299,0x94fa4745396ffec102f653016a2a18ed7fe7dff97951e888c6f6044664d51e99,13437224,0,0x1f4e35D4380D91AF30eDca625C8d158019786299,0
0x1f4e35D4380D91AF30eDca625C8d158019786299,0xf27a7f53e23a8893bc808daf0df55fae517c6a8464ac8957aed86486fd5fea66,13441917,0,0x1f4e35D4380D91AF30eDca625C8d158019786299,0
0x1f4e35D4380D91AF30eDca625C8d158019786299,0xcef3055f72443e36e265098f8342d17474584fb37c6ae388dc7cba501b33e32a,13466280,0,0x1f4e35D4380D91AF30eDca625C8d158019786299,0
0x1f4e35D4380D91AF30eDca625C8d158019786299,0xc4d1496886f48fa54d312a082ac1f4f3f1e37fadcb392bd601487850e0503f91,13467861,0,0x1f4e35D4380D91AF30eDca625C8d158019786299,0
0x1f4e35D4380D91AF30eDca625C8d158019786299,0xf7fca535a15afc1840721447d7259df2b16b5d46c988bc26660bc469126f2d74,13512037,0,0x1f4e35D4380D91AF30eDca625C8d158019786299,0
0x1f4e35D4380D91AF30eDca625C8d158019786299,0x5b6ae8a2ed04a7daeea7716319ec6a69ac60b218cf0af6525c260ff3b9fcc9fd,13519702,0,0x1f4e35D4380D91AF30eDca625C8d158019786299,0
0x1f4e35D4380D91AF30eDca625C8d158019786299,0x9cc77fb36bf5f7d8f35dd7ac1dc264c897891fdad978a08b2d0479485dffb93e,13520474,0,0x1f4e35D4380D91AF30eDca625C8d158019786299,0
0x1f4e35D4380D91AF30eDca625C8d158019786299,0x5964f1012464aa722ba9546eddeb46c386b492d6e136207908c9d0e139f912cb,13525518,0,0x1f4e35D4380D91AF30eDca625C8d158019786299,0
0x1f4e35D4380D91AF30eDca625C8d158019786299,0x893bd1efeb294fb4cb6a49d0d83b187718b83d3a60286d728e60131111c2e664,13536734,0,0x1f4e35D4380D91AF30eDca625C8d158019786299,0
0x1f4e35D4380D91AF30eDca625C8d158019786299,0x23c2d177fcc66e4acababd64f685117b2cb7457eadc0fd1c7e4e4cd7347aec10,13547446,0,0x1f4e35D4380D91AF30eDca625C8d158019786299,0
0x1f4e35D4380D91AF30eDca625C8d158019786299,0x88d0f26912aab9bc9ab225944b2a9e986a0c367111c5ab3a2f60bb709fad18d0,13572486,0,0x1f4e35D4380D91AF30eDca625C8d158019786299,0
0x1f4e35D4380D91AF30eDca625C8d158019786299,0xa16d88d82f9e004a20edad72f1a005f1d99d3edb1b0a299b8028bd1a72386e28,13578321,0,0x1f4e35D4380D91AF30eDca625C8d158019786299,0
0x1f4e35D4380D91AF30eDca625C8d158019786299,0xf669eca15b0e11b846b5fbab9f8e8bfc06a222b7d3e44699ee03a842a678d0a3,13656938,0,0x1f4e35D4380D91AF30eDca625C8d158019786299,0
0x1f4e35D4380D91AF30eDca625C8d158019786299,0x80b53b14e7a5f7e566fc16926d1f48e2a1f22eb586443631c9fc18afc60eac4b,13691038,0,0x1f4e35D4380D91AF30eDca625C8d158019786299,0
0x1f4e35D4380D91AF30eDca625C8d158019786299,0xca75d2fcb91855d21fddd5d4e38c9a1f277a36c6c5809684b42c8093a01973aa,13706027,0,0x1f4e35D4380D91AF30eDca625C8d158019786299,0
0x1f4e35D4380D91AF30eDca625C8d158019786299,0xb2676d5a8065b06c778e26cdae5486d964b0abff6d2c834a55c84f3e25f03d60,13740178,0,0x1f4e35D4380D91AF30eDca625C8d158019786299,0
0x1f4e35D4380D91AF30eDca625C8d158019786299,0x3b85e86d325c0ad9d0f3aa0f6a6b8933bd0e1f392718b4a534ddee9c3c338758,13796689,0,0x1f4e35D4380D91AF30eDca625C8d158019786299,0
0x1f4e35D4380D91AF30eDca625C8d158019786299,0x8b5f1c6f794869d95cc5199b91ddcc15ff13dccbf95cb8d5c81e0b92c689c62a,13873617,0,0x1f4e35D4380D91AF30eDca625C8d158019786299,0
0x1f4e35D4380D91AF30eDca625C8d158019786299,0xb613aaf8d0557a73b7138384ad79cc7ccbefd4273d754b837b328cf12c422648,13929390,0,0x1f4e35D4380D91AF30eDca625C8d158019786299,0
0x1f4e35D4380D91AF30eDca625C8d158019786299,0xc1c28b7b26d2d35169f889a85f2a9c725cb7a6731c693ebd76c9e52f32a7289b,14074609,0,0x1f4e35D4380D91AF30eDca625C8d158019786299,0
0x1f4e35D4380D91AF30eDca625C8d158019786299,0xf312a2ad34114fec536f98d52afaf5b8cbf80fe2b4e7f362df99521492cc77e3,14140671,0,0x1f4e35D4380D91AF30eDca625C8d158019786299,0
0x1f4e35D4380D91AF30eDca625C8d158019786299,0xf1636c44c76d72d1cc8562cef1d44c484784c440131b4b76a29504708111cabd,14142585,0,0x1f4e35D4380D91AF30eDca625C8d158019786299,0
0x1f4e35D4380D91AF30eDca625C8d158019786299,0x9d8e0ebc0d33f6fc784ea6cdf350913fabf4d027df3e5f86dccee52ef7d0592c,14163492,0,0x1f4e35D4380D91AF30eDca625C8d158019786299,0
0x1f4e35D4380D91AF30eDca625C8d158019786299,0x90e7ada7092a8edabb353da3f9e483256963e9e82d94004bdee574dc664f3f95,14164482,0,0x1f4e35D4380D91AF30eDca625C8d158019786299,0
0x1f4e35D4380D91AF30eDca625C8d158019786299,0xb98955973feab20fc5bdaae2cfc6d0b689a6196cac5d7f09e0722db392875fe3,14319707,0,0x1f4e35D4380D91AF30eDca625C8d158019786299,0
0x1f4e35D4380D91AF30eDca625C8d158019786299,0x8226dc683549604fb8ad9318b819f174bc35956e5f6c67139a100367082cfb9c,14330668,0,0x1f4e35D4380D91AF30eDca625C8d158019786299,0
0x1f4e35D4380D91AF30eDca625C8d158019786299,0x560549252407b5ffd515b6863656a155006e88a1fcde0f889cf529c0e7b40124,14393796,0,0x1f4e35D4380D91AF30eDca625C8d158019786299,0
0x1f4e35D4380D91AF30eDca625C8d158019786299,0x8a7ccefc2308d3d83818337194651c4409f831c983671079760dfd0a69156921,14403760,0,0x1f4e35D4380D91AF30eDca625C8d158019786299,0
0x1f4e35D4380D91AF30eDca625C8d158019786299,0xda578c17b779fa4ab4b7609fc234eb30ca859d6419beb78298efd02220297031,14411904,0,0x1f4e35D4380D91AF30eDca625C8d158019786299,0
0x1f4e35D4380D91AF30eDca625C8d158019786299,0xa90c313f2f464cc6ae05a9a82e6bc61db2de4eca9891ad8f3d8d8e032e4bbb7f,14434821,0,0x1f4e35D4380D91AF30eDca625C8d158019786299,0
0x1f4e35D4380D91AF30eDca625C8d158019786299,0xcd7510d534e52eac183ad5e4c816fd2be381866eca7d6020ef47ac86e281dd95,14447087,0,0x1f4e35D4380D91AF30eDca625C8d158019786299,0
0x1f4e35D4380D91AF30eDca625C8d158019786299,0x9c9f02243316f36e3cbc031f892d6b271ea5119d34d67fe654079efd8861a247,14509401,0,0x1f4e35D4380D91AF30eDca625C8d158019786299,0
0x1f4e35D4380D91AF30eDca625C8d158019786299,0xf873af2b4e339db64ea96a2cef9d20d114d94260d7e16d0f32d318ea692e2f78,14512621,0,0x1f4e35D4380D91AF30eDca625C8d158019786299,0
0x1f4e35D4380D91AF30eDca625C8d158019786299,0xae78c854517c9a5f2a745921937f9aedf0a5209c8a485e48e1435fb00a85650d,14525091,0,0x1f4e35D4380D91AF30eDca625C8d158019786299,0
0x1f4e35D4380D91AF30eDca625C8d158019786299,0x7be11babbba470f8433d7323e422c3bda26388c6724cf8f03a6615afe3256b3e,14553293,0,0x1f4e35D4380D91AF30eDca625C8d158019786299,0
0x1f4e35D4380D91AF30eDca625C8d158019786299,0xfe8b219625adde81fc2775306a9cb13e22566b9314716d91fdfce0bafa42e7a1,14609586,0,0x1f4e35D4380D91AF30eDca625C8d158019786299,0
0x1f4e35D4380D91AF30eDca625C8d158019786299,0x228a2ec1d5a7c27d6f42da8d1c3887e296eacdacc87762b23c428e1858267dc2,14630030,0,0x1f4e35D4380D91AF30eDca625C8d158019786299,0
0x1f4e35D4380D91AF30eDca625C8d158019786299,0xc964cfe6a93993e72187750ca1134446a2de920d08fcca3e639fb0ccbe557e48,14642511,0,0x1f4e35D4380D91AF30eDca625C8d158019786299,0
0x1f4e35D4380D91AF30eDca625C8d158019786299,0x12824f51ee1a4c7700be7cc94b52aabfe01932ad1e6c7e8f7d286596b3962549,14681779,0,0x1f4e35D4380D91AF30eDca625C8d158019786299,0
0x1f4e35D4380D91AF30eDca625C8d158019786299,0x14829bff87a44c55e6b128efbb3a79ec396a7f1b363b1e07e8ef3fc6eab7d047,14769829,0,0x1f4e35D4380D91AF30eDca625C8d158019786299,0
0x1f4e35D4380D91AF30eDca625C8d158019786299,0xe53432a6563261b30e42f523e6bd6f597b15cc1f9bf0406b7bf9b76c1327c790,14805854,0,0x1f4e35D4380D91AF30eDca625C8d158019786299,0
0x1f4e35D4380D91AF30eDca625C8d158019786299,0x0eda3f234218ebce303fdf1da039bce24444f54bc8c66fc6d65765d4ad21694b,14869336,0,0x1f4e35D4380D91AF30eDca625C8d158019786299,0
0x1f4e35D4380D91AF30eDca625C8d158019786299,0x92a01c087bd5523a1b8eea418460480eb646da629f7e7ec5d907b37088940c33,14879525,0,0x1f4e35D4380D91AF30eDca625C8d158019786299,0
0x1f4e35D4380D91AF30eDca625C8d158019786299,0x5cd0edfb069af8c6325d918fab207c14dca85f4891e9e0653e3e9feba8d052d7,14987862,0,0x1f4e35D4380D91AF30eDca625C8d158019786299,0
0x1f4e35D4380D91AF30eDca625C8d158019786299,0xd9f7766cca8f1fb5abfa5fdfe4e56267792b1461e95456b243e61e3bbdbeff57,14996165,0,0x1f4e35D4380D91AF30eDca625C8d158019786299,0
0x1f4e35D4380D91AF30eDca625C8d158019786299,0xfd24f136f9050c22c3884a342cbee3e3f368e6913ee6dcb9b14e9b16b793ecfb,15023203,0,0x1f4e35D4380D91AF30eDca625C8d158019786299,0
0x1f4e35D4380D91AF30eDca625C8d158019786299,0xe813ff9d550f3b2ef339708106b132994ff897ba65cd3cb61758a45edee3075d,15188649,0,0x1f4e35D4380D91AF30eDca625C8d158019786299,0
0x1f4e35D4380D91AF30eDca625C8d158019786299,0x132875560bd00999ab955752bf2fc22aef7eab581ac28d8003f574bf325c8b1e,15271979,0,0x1f4e35D4380D91AF30eDca625C8d158019786299,0
0x1f4e35D4380D91AF30eDca625C8d158019786299,0x54cb679b5bdc8112beff01e9313fd3b1f1eafdc21aeb12de0c1ef9f597ca7d57,15337171,0,0x1f4e35D4380D91AF30eDca625C8d158019786299,0
0x887FE928645020db1eC4af4Aa922C2327F96F90f,0x605c694cc21368b6d1ff8214e9a688289b669c2e9fc68363c2c33a47dfb69370,13268718,0,0x887FE928645020db1eC4af4Aa922C2327F96F90f,0
0x063323E90144bC40A900f111C339A31F292d080F,0x5314350f8b05f6db8f3680ce99699184491efdfe8c0034372121da9258825ded,13279318,0,0x063323E90144bC40A900f111C339A31F292d080F,0
0xf51421C93BD9943f057CF5668a5FD6C7Ac3F66ae,0xb498433a6501ccb8dc895e7d08eb11b21f1e2364467b9734b78e97d74ddc9ed7,13287866,0,0xf51421C93BD9943f057CF5668a5FD6C7Ac3F66ae,0
0xfEf87D8c2558a8866BA1b90d545Bfe2ec73744FC,0x1d737740a1887060d0a91f2ccd016419a7e853efdf1dbf7ad750cee6e1fb69de,13316634,0,0xfEf87D8c2558a8866BA1b90d545Bfe2ec73744FC,0
0xfEf87D8c2558a8866BA1b90d545Bfe2ec73744FC,0x917d3e011f6d81df109590f3650a11d475da229c07700dcefb571541b2de59fb,13627648,0,0xfEf87D8c2558a8866BA1b90d545Bfe2ec73744FC,0
0xfEf87D8c2558a8866BA1b90d545Bfe2ec73744FC,0x6226f2702a7a86f76b943f388e478c240a219d472068825dacc841bc419630a7,13893523,0,0xfEf87D8c2558a8866BA1b90d545Bfe2ec73744FC,0
0xfEf87D8c2558a8866BA1b90d545Bfe2ec73744FC,0xb0ada255d1b65b50ca549d54d98326096afcb4b1edd3e6a5c9062aa20e24f31e,13893586,0,0xfEf87D8c2558a8866BA1b90d545Bfe2ec73744FC,0
0xfEf87D8c2558a8866BA1b90d545Bfe2ec73744FC,0x099c3ecba7df42135cea9175b462f2be2babac93fbea33931b46636976245c81,14122212,0,0xfEf87D8c2558a8866BA1b90d545Bfe2ec73744FC,0
0x53BBE80F77ac24e5eA1B806D5e67Ed1e3f4B37FE,0xdb9d052885182f3b49a0eca209f914a067597f5751b67f9e02c348c4b796aad1,13318910,0,0x53BBE80F77ac24e5eA1B806D5e67Ed1e3f4B37FE,0
0x53BBE80F77ac24e5eA1B806D5e67Ed1e3f4B37FE,0x6c9a84dbb43f95cd30b01f92aa2cdaaf5a579b3f384582eac1512707708141d4,13358992,0,0x53BBE80F77ac24e5eA1B806D5e67Ed1e3f4B37FE,0
0x53BBE80F77ac24e5eA1B806D5e67Ed1e3f4B37FE,0x8409bc7e1d817f5f551ecc2efdcbaa6fb1894000dc51e056cad37e7e61666a34,13359518,0,0x53BBE80F77ac24e5eA1B806D5e67Ed1e3f4B37FE,0
0x53BBE80F77ac24e5eA1B806D5e67Ed1e3f4B37FE,0x31806f5540a48781040ab722f5c213cc8b14dfaac89e6a556fcbba8be23bdbb4,13369992,0,0x53BBE80F77ac24e5eA1B806D5e67Ed1e3f4B37FE,0
0x53BBE80F77ac24e5eA1B806D5e67Ed1e3f4B37FE,0x0dc785999fde7d298627fad4cd6984275ab3553875cf7a130eabf1494102e1b3,13425280,0,0x53BBE80F77ac24e5eA1B806D5e67Ed1e3f4B37FE,0
0x53BBE80F77ac24e5eA1B806D5e67Ed1e3f4B37FE,0xae3e55fa2002c13006f98e84efec101cfa6f9d45ce27d93b8b5136cf76159364,13629210,0,0x53BBE80F77ac24e5eA1B806D5e67Ed1e3f4B37FE,0
0x53BBE80F77ac24e5eA1B806D5e67Ed1e3f4B37FE,0xa5f076bceeacb951338f10368a390a05ff54d21df0829d1a72e7f808af4af6f5,14697800,0,0x53BBE80F77ac24e5eA1B806D5e67Ed1e3f4B37FE,0
0x53BBE80F77ac24e5eA1B806D5e67Ed1e3f4B37FE,0x09c5939fa8238a01da653a2a283eac02e0aac4dae66dff13ebf4a9357599969b,14972944,0,0x53BBE80F77ac24e5eA1B806D5e67Ed1e3f4B37FE,0
0x53BBE80F77ac24e5eA1B806D5e67Ed1e3f4B37FE,0x2584ba5b6b4e96581b13a844613b80fded458a2bd47fe063e8ec5a754a94778b,15291848,0,0x53BBE80F77ac24e5eA1B806D5e67Ed1e3f4B37FE,0
0x46cF9115277Eb4962eCfdd61546C733c21d8A376,0xff2fa330800553d687a6abee605ab2467f1020a3fa20e901123ec950ae76071e,13345306,0,0x46cF9115277Eb4962eCfdd61546C733c21d8A376,0
0x46cF9115277Eb4962eCfdd61546C733c21d8A376,0xb95c6333b996dfa1ada0096ad6166c7c62dbe9bed61cf6fd03774ce8506e6ff6,13410299,0,0x46cF9115277Eb4962eCfdd61546C733c21d8A376,0
0x46cF9115277Eb4962eCfdd61546C733c21d8A376,0xc1a60391dfc4dba32c71464c182fde2680c466d0e73f552e18f658131f0bb0b6,14735080,0,0x46cF9115277Eb4962eCfdd61546C733c21d8A376,0
0x443B18444F43797DEd227279a51D2E5F688cb625,0xbeb146da54bc629bbf6a58f32f4ca6e8e823c08c83eb994c34bd9d730764a5ee,13374077,0,0x443B18444F43797DEd227279a51D2E5F688cb625,0
0x443B18444F43797DEd227279a51D2E5F688cb625,0xf0f57525283e059f9e93105366c4d168b8f1857d20a42e453fa0605483586389,13400572,0,0x443B18444F43797DEd227279a51D2E5F688cb625,0
0x443B18444F43797DEd227279a51D2E5F688cb625,0x656f1c2542b65c1f4b618e94d7fe259d0a23370650a1809703712f3e06a72fd3,13583055,0,0x443B18444F43797DEd227279a51D2E5F688cb625,0
0x443B18444F43797DEd227279a51D2E5F688cb625,0x4d1ecadf00cf3b727bcd1aa23508c0c9f6c78338c5fc0dbe356e068651275f81,13737623,0,0x443B18444F43797DEd227279a51D2E5F688cb625,0
0x99fcA5214549Fc0fD5afDFab4a3fbC19FFE55c77,0x766adb56f42a579c16a09cd2558921aff6f83443da49a3eca2453932dd01b8cb,13378351,0,0x99fcA5214549Fc0fD5afDFab4a3fbC19FFE55c77,0
0x99fcA5214549Fc0fD5afDFab4a3fbC19FFE55c77,0x0ca04fdbe5db7cc3f62c192171a444f59c17ab0db06d84233f4a28651e7c920c,13401200,0,0x99fcA5214549Fc0fD5afDFab4a3fbC19FFE55c77,0
0x99fcA5214549Fc0fD5afDFab4a3fbC19FFE55c77,0x65162545a364fd8ca060d40626f819bce5cd8b8a1d74ce3f97ef410406e2f9d2,13454987,0,0x99fcA5214549Fc0fD5afDFab4a3fbC19FFE55c77,0
0x99fcA5214549Fc0fD5afDFab4a3fbC19FFE55c77,0x2e2eb21742f37f91feed4555ae236d83431aa9d397ccf22266d58fa14b067494,13727663,0,0x99fcA5214549Fc0fD5afDFab4a3fbC19FFE55c77,0
0x99fcA5214549Fc0fD5afDFab4a3fbC19FFE55c77,0xd5889f816bcda048c65ee7893ec97739e40ad6eb1d7205791ed813633982356f,13785622,0,0x99fcA5214549Fc0fD5afDFab4a3fbC19FFE55c77,0
0x99fcA5214549Fc0fD5afDFab4a3fbC19FFE55c77,0x32250141ad109d228df0ef3bd7b0bc8d4eff05a324df99142c9ed9db30e2b8ed,13829397,0,0x99fcA5214549Fc0fD5afDFab4a3fbC19FFE55c77,0
0x99fcA5214549Fc0fD5afDFab4a3fbC19FFE55c77,0xc7c0a983409f9c7e60dc5139a885c69ac6eac199edc8f8a3217c515eabc87a35,14004547,0,0x99fcA5214549Fc0fD5afDFab4a3fbC19FFE55c77,0
0x99fcA5214549Fc0fD5afDFab4a3fbC19FFE55c77,0x5832b5080a25b27eedfda51a54fb3149c874636eb41a4b7fa03589c5ec05c10e,14273938,0,0x99fcA5214549Fc0fD5afDFab4a3fbC19FFE55c77,0
0x99fcA5214549Fc0fD5afDFab4a3fbC19FFE55c77,0x690f8104c6c4f2e7cf5f3b0f2ce412028bfcf57fb88400fa671b0383d4c3b327,14414301,0,0x99fcA5214549Fc0fD5afDFab4a3fbC19FFE55c77,0
0x99fcA5214549Fc0fD5afDFab4a3fbC19FFE55c77,0x3bb2c52cca08c4660b674d78b297e2fee56033970350df24594b21320783cd35,14666665,0,0x99fcA5214549Fc0fD5afDFab4a3fbC19FFE55c77,0
0x99fcA5214549Fc0fD5afDFab4a3fbC19FFE55c77,0x93fed7dea86ce49f4b881d2be8eedee5a0db2aae35c61c0c4d62294dccf85db4,14781942,0,0x99fcA5214549Fc0fD5afDFab4a3fbC19FFE55c77,0
0x99fcA5214549Fc0fD5afDFab4a3fbC19FFE55c77,0xa576f91f62776776d9e085acd75dd9fcc4abdf4543d32452888b7f6f623305c8,14975232,0,0x99fcA5214549Fc0fD5afDFab4a3fbC19FFE55c77,0
0x99fcA5214549Fc0fD5afDFab4a3fbC19FFE55c77,0x5cd01bd7e9af7387179d4afec86309aaa8fa10bcddcd4944d1078d5d9e1d1d22,14976068,0,0x99fcA5214549Fc0fD5afDFab4a3fbC19FFE55c77,0
0x99fcA5214549Fc0fD5afDFab4a3fbC19FFE55c77,0x70932f24e10e2560ce8fb9960b01de4232fa0fd59fdbf0bdbd5112e6c33e2752,15068344,0,0x99fcA5214549Fc0fD5afDFab4a3fbC19FFE55c77,0
0x99fcA5214549Fc0fD5afDFab4a3fbC19FFE55c77,0x13f653994c5255a5c874f8ea880c9651005389dd6438dc71e7f7545052e4940a,15337128,0,0x99fcA5214549Fc0fD5afDFab4a3fbC19FFE55c77,0
0x99fcA5214549Fc0fD5afDFab4a3fbC19FFE55c77,0xd7afb104aabace55249bf9ca549baeea0acff3c06e30ce3e3274871c85be53d9,15358339,0,0x99fcA5214549Fc0fD5afDFab4a3fbC19FFE55c77,0
0x99fcA5214549Fc0fD5afDFab4a3fbC19FFE55c77,0xa4a3c46c1fbf8e28132c866783e1271dd5000a2a8c0a08e1bd0f9356fb62e9ac,15358398,0,0x99fcA5214549Fc0fD5afDFab4a3fbC19FFE55c77,0
0xE617dd80c621a5072bD8cBa65E9d76c07327004d,0xdc4464dfcfd2e2bef601690cc016d630d5d2d1ce5883f23c3dcc79545581a20c,13394596,0,0xE617dd80c621a5072bD8cBa65E9d76c07327004d,0
0xE617dd80c621a5072bD8cBa65E9d76c07327004d,0x581dc9417c7836c6089477939ca2d6c57ae1ecd2fbf5597dc123c02923dbd22e,13410446,0,0xE617dd80c621a5072bD8cBa65E9d76c07327004d,0
0xE617dd80c621a5072bD8cBa65E9d76c07327004d,0xe8e8fa70b41699c40b5e62b5ce053614b7abf22393249635c1d4885fd84b8aa1,13600433,0,0xE617dd80c621a5072bD8cBa65E9d76c07327004d,0
0xE617dd80c621a5072bD8cBa65E9d76c07327004d,0xfb8a05cb3675dce45278a1e06b990b5b0ef31d471fc02991a7b66b75e6845f6d,13856140,0,0xE617dd80c621a5072bD8cBa65E9d76c07327004d,0
0xB83cC3A98c63454e2f0aef7aF8D67AADA0e9AD15,0xb045ac7c08eb277c1a7048ca9f93a216a0fe996606540c5390017c9e38c0d377,13395555,0,0xB83cC3A98c63454e2f0aef7aF8D67AADA0e9AD15,0
0xB83cC3A98c63454e2f0aef7aF8D67AADA0e9AD15,0x036776e5253001aa0d8401d64d4cb2dd4664ab470d51857a211c25bb8124dd92,13397661,0,0xB83cC3A98c63454e2f0aef7aF8D67AADA0e9AD15,0
0xB83cC3A98c63454e2f0aef7aF8D67AADA0e9AD15,0x0b3a854665c60c6eb899d8ea3e72970fbdb9543454bd95e749d8bf4dce3283d0,14037405,0,0xB83cC3A98c63454e2f0aef7aF8D67AADA0e9AD15,0
0xB83cC3A98c63454e2f0aef7aF8D67AADA0e9AD15,0x1468fc673e6488f65e9a2d8b7f6c6a31e429ff54ea063db3cffba63c7ce8e2c7,14154902,0,0xB83cC3A98c63454e2f0aef7aF8D67AADA0e9AD15,0
0xE3ADAA4fb7c92AB833Ee08B3561D9c434aA2A3eE,0xaed90bf0e1e8b34f88f7c560b003e8ce6dff4e65efdde6a6daa854c58c97aa6c,13447965,0,0xE3ADAA4fb7c92AB833Ee08B3561D9c434aA2A3eE,0
0xE3ADAA4fb7c92AB833Ee08B3561D9c434aA2A3eE,0x8d845b399e9b60abbdf6a3a54fb20c08f0ff3d544abda67b118955876561ba19,13545147,0,0xE3ADAA4fb7c92AB833Ee08B3561D9c434aA2A3eE,0
0xE3ADAA4fb7c92AB833Ee08B3561D9c434aA2A3eE,0x3ec0fa55cc0cd6ee2083aefee8a26b898b1929d7ffc777f39967d14cc1e892d2,13574891,0,0xE3ADAA4fb7c92AB833Ee08B3561D9c434aA2A3eE,0
0xE3ADAA4fb7c92AB833Ee08B3561D9c434aA2A3eE,0xdc6a0dab2862f3121fd8e6d10ab62a890e2d38c9aea273e4743dd7cc90e76a92,14464181,0,0xE3ADAA4fb7c92AB833Ee08B3561D9c434aA2A3eE,0
0x32BA420bc0C32b6a954c75748E789F2a3Ff22862,0xd03c7bf1a2f9bada9df7a7c1fc2bff96bd8263f23a60f6d5d8d91d0f4f39086d,13585295,0,0x32BA420bc0C32b6a954c75748E789F2a3Ff22862,0
0xF06CeDA97cd72b1d2341f4379aeE110b4D5c5010,0xbb75f20146bf15793570663e40dfaef55e7067fcc2c2e4ba8f00515d331d699f,13753977,0,0xF06CeDA97cd72b1d2341f4379aeE110b4D5c5010,0
0xF06CeDA97cd72b1d2341f4379aeE110b4D5c5010,0x0cd2ffcfff919ff6151efd0a85e8dad0022ca805e227b552e32acfe6acee95b6,14765641,0,0xF06CeDA97cd72b1d2341f4379aeE110b4D5c5010,0
0x01F369bF2d5a62CE60B0a2E92143CD623BeCb0fB,0xd7ca8c637bc7a4a412728c1e02fcf01879ac9eddba1e3e961074acf7cd899ff1,13774125,0,0x01F369bF2d5a62CE60B0a2E92143CD623BeCb0fB,0
0x01F369bF2d5a62CE60B0a2E92143CD623BeCb0fB,0xba04238eff7c56e2385fe1a2cd8684db670063e3bf58e1cb1946a62ea99ccb76,13779714,0,0x01F369bF2d5a62CE60B0a2E92143CD623BeCb0fB,0
0x01F369bF2d5a62CE60B0a2E92143CD623BeCb0fB,0x7e79b9d1b76f98cbe05ae2e780e5e19372af25b39a2849d54ea65d00c523c344,14141253,0,0x01F369bF2d5a62CE60B0a2E92143CD623BeCb0fB,0
0x01F369bF2d5a62CE60B0a2E92143CD623BeCb0fB,0x3f55b8868b7b0bcc1ff67c6edcc7a2304664d285dedb0b8e4eaf56129b469329,14141841,0,0x01F369bF2d5a62CE60B0a2E92143CD623BeCb0fB,0
0x01F369bF2d5a62CE60B0a2E92143CD623BeCb0fB,0x285f346b730c38d673849e7493721af1128d8401b3481c4f7f7c9582bc20f9b5,14406289,0,0x01F369bF2d5a62CE60B0a2E92143CD623BeCb0fB,0
0x01F369bF2d5a62CE60B0a2E92143CD623BeCb0fB,0x6993b6a5c5acf54189afe904250355d4eb694210233dd6fe9f019f88a4363488,14406366,0,0x01F369bF2d5a62CE60B0a2E92143CD623BeCb0fB,0
0x01F369bF2d5a62CE60B0a2E92143CD623BeCb0fB,0x2c0354d4c1ad6a68d570ac96e6f4800844b0511c8e8f890f14c4f5dccb07240c,14429460,0,0x01F369bF2d5a62CE60B0a2E92143CD623BeCb0fB,0
0x01F369bF2d5a62CE60B0a2E92143CD623BeCb0fB,0xe794cf5c97b45b23c9173223d3c17bc185f54535ca3d52a2f36d3cf621c26ab3,14447663,0,0x01F369bF2d5a62CE60B0a2E92143CD623BeCb0fB,0
0x01F369bF2d5a62CE60B0a2E92143CD623BeCb0fB,0x0f06026a89c2616f83eb048b4a0bc5bc1c71ef5d9454a3b05db90e12678ca548,14460037,0,0x01F369bF2d5a62CE60B0a2E92143CD623BeCb0fB,0
0x01F369bF2d5a62CE60B0a2E92143CD623BeCb0fB,0x350f57f0dc4075268c1af05bca8700c74edf8ec7409256f87b5e6525e6957af5,14462359,0,0x01F369bF2d5a62CE60B0a2E92143CD623BeCb0fB,0
0x01F369bF2d5a62CE60B0a2E92143CD623BeCb0fB,0x1ce3e5e2ceaa17eb96f993a5a93325ce7046bf718f1d8afeda5a921bd899ac2c,14503200,0,0x01F369bF2d5a62CE60B0a2E92143CD623BeCb0fB,0
0x01F369bF2d5a62CE60B0a2E92143CD623BeCb0fB,0xc724f1a063db4ee714d3298442b87827713cd156ca6fa3da7ecd9999c48f0b0d,14534303,0,0x01F369bF2d5a62CE60B0a2E92143CD623BeCb0fB,0
0x01F369bF2d5a62CE60B0a2E92143CD623BeCb0fB,0x866af621da2bccca777d2aaa6a328d77304dbf7523e64c4a5d4c57850f5a4386,14540574,0,0x01F369bF2d5a62CE60B0a2E92143CD623BeCb0fB,0
0x01F369bF2d5a62CE60B0a2E92143CD623BeCb0fB,0x62f4e2eeecc0637b2e3571eed0dbcaca58a0bd9f860689117298fa7d0c325630,14559166,0,0x01F369bF2d5a62CE60B0a2E92143CD623BeCb0fB,0
0x01F369bF2d5a62CE60B0a2E92143CD623BeCb0fB,0x08128bdffe295a911359f8a349d37db78a810c57c7a434a343e6bb4ada5d073d,14572811,0,0x01F369bF2d5a62CE60B0a2E92143CD623BeCb0fB,0
0x01F369bF2d5a62CE60B0a2E92143CD623BeCb0fB,0x1d0578e08c794f35e68b41128de29c6e3d2c67312f33aebda72f9bad75796f18,14588923,0,0x01F369bF2d5a62CE60B0a2E92143CD623BeCb0fB,0
0x01F369bF2d5a62CE60B0a2E92143CD623BeCb0fB,0x2d90c506ba370e99d2dfe12c0f18074dd300c7275fceb79bc994235a8f908219,14595395,0,0x01F369bF2d5a62CE60B0a2E92143CD623BeCb0fB,0
0x01F369bF2d5a62CE60B0a2E92143CD623BeCb0fB,0xa6f054178bb493a1320f6fc8d0193cd5c0ed649c61ef8aa81bf0b1f57e962d4e,14601037,0,0x01F369bF2d5a62CE60B0a2E92143CD623BeCb0fB,0
0x01F369bF2d5a62CE60B0a2E92143CD623BeCb0fB,0xd18fb78abd82497af9df76cc4cb474aebe190413c6c32119fb0527af276999e6,14627665,0,0x01F369bF2d5a62CE60B0a2E92143CD623BeCb0fB,0
0x01F369bF2d5a62CE60B0a2E92143CD623BeCb0fB,0x0e957b286c3d3a6588672e6a9a159922eb4dd66383b9cd04e320dce521ed31a0,14627771,0,0x01F369bF2d5a62CE60B0a2E92143CD623BeCb0fB,0
0x01F369bF2d5a62CE60B0a2E92143CD623BeCb0fB,0xd91a5ffdf78b9bcf27c982252046dc3aeb951a7ff70530a78f51720a61fa778d,14630442,0,0x01F369bF2d5a62CE60B0a2E92143CD623BeCb0fB,0
0x01F369bF2d5a62CE60B0a2E92143CD623BeCb0fB,0x4a5659354f3f292f9999c35ed3a0aaaa41294c2cd39e7bb5d2f2c63aa6f8f0bc,14642353,0,0x01F369bF2d5a62CE60B0a2E92143CD623BeCb0fB,0
0x01F369bF2d5a62CE60B0a2E92143CD623BeCb0fB,0x0fdd6a3256ea376451d645abe1bb2e4a4b35aacfc9792f77d1d17d622d57558d,14666354,0,0x01F369bF2d5a62CE60B0a2E92143CD623BeCb0fB,0
0x01F369bF2d5a62CE60B0a2E92143CD623BeCb0fB,0xcd0cc89db6308cf948b4490157aa4865760e0a99b999bcabe59a512c963b0929,14686302,0,0x01F369bF2d5a62CE60B0a2E92143CD623BeCb0fB,0
0x01F369bF2d5a62CE60B0a2E92143CD623BeCb0fB,0x5f899d8e7b49e9072b23ce8f645444f3c70d0588aa9321d74eb524a42bbd70a0,14686310,0,0x01F369bF2d5a62CE60B0a2E92143CD623BeCb0fB,0
0x01F369bF2d5a62CE60B0a2E92143CD623BeCb0fB,0x795a0a1b6490ad1b77153b7da98bae26006bd6869acfc922d182895beba5ed82,14742357,0,0x01F369bF2d5a62CE60B0a2E92143CD623BeCb0fB,0
0x01F369bF2d5a62CE60B0a2E92143CD623BeCb0fB,0x8385d9dd3cc8c1cd737dad465eccaba68bbb225544c11ed36df1eb27c4588093,14746815,0,0x01F369bF2d5a62CE60B0a2E92143CD623BeCb0fB,0
0x01F369bF2d5a62CE60B0a2E92143CD623BeCb0fB,0x67a06f156f9353cf911b2735d03675248c4aa6e6453ef0a1b18ae92f28249a17,14754411,0,0x01F369bF2d5a62CE60B0a2E92143CD623BeCb0fB,0
0x01F369bF2d5a62CE60B0a2E92143CD623BeCb0fB,0x06af99246243506b4cdc88d08d7f743df11ac16307c0fe95e75654ab2890e6c9,14754440,0,0x01F369bF2d5a62CE60B0a2E92143CD623BeCb0fB,0
0x01F369bF2d5a62CE60B0a2E92143CD623BeCb0fB,0x4a04392b280ec0007f1c4a353cc182f049f66a8003f42e4ce7b285c7294c4958,14757162,0,0x01F369bF2d5a62CE60B0a2E92143CD623BeCb0fB,0
0x01F369bF2d5a62CE60B0a2E92143CD623BeCb0fB,0xd839c42a93fccc0988ff3f9fcefcb089d259403864f83ebc3b81b7fba4fed25c,14759104,0,0x01F369bF2d5a62CE60B0a2E92143CD623BeCb0fB,0
0x01F369bF2d5a62CE60B0a2E92143CD623BeCb0fB,0xa0d813beae240e027ebe92e92a1b6747c87c056765aac9e7d7d943325d6c02c8,14759175,0,0x01F369bF2d5a62CE60B0a2E92143CD623BeCb0fB,0
0x01F369bF2d5a62CE60B0a2E92143CD623BeCb0fB,0x9e24eeb00ce299c96ac4c09ab5337fbe4c64e5ca89fa1e5ee2d0281e2135a2c9,14771777,0,0x01F369bF2d5a62CE60B0a2E92143CD623BeCb0fB,0
0x01F369bF2d5a62CE60B0a2E92143CD623BeCb0fB,0x71b2e225aac5cd65ee95e292ab8be7608f75d3eac2e775626f4a5d5bca37560a,14774935,0,0x01F369bF2d5a62CE60B0a2E92143CD623BeCb0fB,0
0x01F369bF2d5a62CE60B0a2E92143CD623BeCb0fB,0xf46687bcd68aa80615b58896e6bb6b614907504ba9c938bab03c937b37e91d59,14786876,0,0x01F369bF2d5a62CE60B0a2E92143CD623BeCb0fB,0
0x01F369bF2d5a62CE60B0a2E92143CD623BeCb0fB,0xe9733702239ddc07b2038a5ce3fc51977c891fb09700bf0387c150d59886050d,14796845,0,0x01F369bF2d5a62CE60B0a2E92143CD623BeCb0fB,0
0x01F369bF2d5a62CE60B0a2E92143CD623BeCb0fB,0xf3500575ded282954ba5705f51a32189daf50b1185d09cc23d659660cb0d8c4e,14800003,0,0x01F369bF2d5a62CE60B0a2E92143CD623BeCb0fB,0
0x01F369bF2d5a62CE60B0a2E92143CD623BeCb0fB,0xe3aec593139b9ddb96d01f4b609074e29d369fd957b58be3dff7cb059f158e9f,14818335,0,0x01F369bF2d5a62CE60B0a2E92143CD623BeCb0fB,0
0x01F369bF2d5a62CE60B0a2E92143CD623BeCb0fB,0xe2d46609d481cfee24309b394f8467336ebc8898c601b8a3fb53798a02426e4f,14823778,0,0x01F369bF2d5a62CE60B0a2E92143CD623BeCb0fB,0
0x01F369bF2d5a62CE60B0a2E92143CD623BeCb0fB,0xa17b95deef95bb50301c4c4c41a53120a9521c68df6ed05f9b8438f2d52c5559,14834769,0,0x01F369bF2d5a62CE60B0a2E92143CD623BeCb0fB,0
0x01F369bF2d5a62CE60B0a2E92143CD623BeCb0fB,0x8a2f845c38b3691d7f97599ae3074b75ba1d609e84e74418bdb8048ccdb72131,14834824,0,0x01F369bF2d5a62CE60B0a2E92143CD623BeCb0fB,0
0x01F369bF2d5a62CE60B0a2E92143CD623BeCb0fB,0x01f6d3323b436b01329f957c292d56e494accc69ad08afa01ccfe5296765e8af,14834866,0,0x01F369bF2d5a62CE60B0a2E92143CD623BeCb0fB,0
0x01F369bF2d5a62CE60B0a2E92143CD623BeCb0fB,0x375ec42ec59018ea465f7f41d51a9611472fca8726eecf35b597e2fe877d06d5,14834933,0,0x01F369bF2d5a62CE60B0a2E92143CD623BeCb0fB,0
0x01F369bF2d5a62CE60B0a2E92143CD623BeCb0fB,0x46f0aa3fc035ad331c7513386fb4a31b147a020c8f23013b74b674b7a71a21a7,14864499,0,0x01F369bF2d5a62CE60B0a2E92143CD623BeCb0fB,0
0x01F369bF2d5a62CE60B0a2E92143CD623BeCb0fB,0x555ceb5bf5aad77e5859899df0773ec26b2161d97f69a2c3457a6e1fefa9b91a,14865763,0,0x01F369bF2d5a62CE60B0a2E92143CD623BeCb0fB,0
0x01F369bF2d5a62CE60B0a2E92143CD623BeCb0fB,0xa1f16693bda5952e6523eabc12180057845846021fb8b396898ea46cea26a97c,14875743,0,0x01F369bF2d5a62CE60B0a2E92143CD623BeCb0fB,0
0x01F369bF2d5a62CE60B0a2E92143CD623BeCb0fB,0x6dd1dcc11d1795adabc84e8918901cbb26cc95532b852c36393c69ba21ad4cfc,14876127,0,0x01F369bF2d5a62CE60B0a2E92143CD623BeCb0fB,0
0x01F369bF2d5a62CE60B0a2E92143CD623BeCb0fB,0x4bb85e3d850b371e640ae5379c432e236a4480d6930bbf518635c695ac3643bd,14891447,0,0x01F369bF2d5a62CE60B0a2E92143CD623BeCb0fB,0
0x01F369bF2d5a62CE60B0a2E92143CD623BeCb0fB,0x4808ecc94e59cfb9773c51b2d36a28a8f5de1291938e2249aaac364d6a0fee7d,14907429,0,0x01F369bF2d5a62CE60B0a2E92143CD623BeCb0fB,0
0x01F369bF2d5a62CE60B0a2E92143CD623BeCb0fB,0x6a5f1ad6872663ad8728a436f44dbfebe9984491ec9e720c22cb52564cff7a9e,14908491,0,0x01F369bF2d5a62CE60B0a2E92143CD623BeCb0fB,0
0x01F369bF2d5a62CE60B0a2E92143CD623BeCb0fB,0x66332e415326ce467f2ac2d306645cf7830940d6395761df24d8b68adc45b9c8,14930557,0,0x01F369bF2d5a62CE60B0a2E92143CD623BeCb0fB,0
0x01F369bF2d5a62CE60B0a2E92143CD623BeCb0fB,0x9bceaceb8fdb81b2859c9f6766851567cf53bd385f723e26cf8fef4f0730d141,14930805,0,0x01F369bF2d5a62CE60B0a2E92143CD623BeCb0fB,0
0x01F369bF2d5a62CE60B0a2E92143CD623BeCb0fB,0x9782385afeec64afd0436bf235652246e094d084d569667bdc9ec0992a68078a,14945053,0,0x01F369bF2d5a62CE60B0a2E92143CD623BeCb0fB,0
0x01F369bF2d5a62CE60B0a2E92143CD623BeCb0fB,0x920ffd764fd8268b5467f147715561ace564ce40d060bbf55b0a8570557e8fea,14956696,0,0x01F369bF2d5a62CE60B0a2E92143CD623BeCb0fB,0
0x01F369bF2d5a62CE60B0a2E92143CD623BeCb0fB,0x24b2af955c8bd017fdaf2c05631fd7f06ebc3a5491b1fe720e09efd79fa500a6,14964416,0,0x01F369bF2d5a62CE60B0a2E92143CD623BeCb0fB,0
0x01F369bF2d5a62CE60B0a2E92143CD623BeCb0fB,0xca01d0036c03c952c665bd82de4255fb16f8cbda11daf640f73809ae479a9529,14966451,0,0x01F369bF2d5a62CE60B0a2E92143CD623BeCb0fB,0
0x01F369bF2d5a62CE60B0a2E92143CD623BeCb0fB,0x7666542798451ca33017b8fa7a2266ba27e75e62cf97822b36b921f41a89e8d3,14968458,0,0x01F369bF2d5a62CE60B0a2E92143CD623BeCb0fB,0
0x01F369bF2d5a62CE60B0a2E92143CD623BeCb0fB,0x553742e487d67353b45c38fa043637a5f7a2b6d6e2517b4a9dc68d4262c81395,14968982,0,0x01F369bF2d5a62CE60B0a2E92143CD623BeCb0fB,0
0x01F369bF2d5a62CE60B0a2E92143CD623BeCb0fB,0xa12b6ce600b1e85942a882bcabf6065694cd9f21802c003fd708e800060f0363,14972575,0,0x01F369bF2d5a62CE60B0a2E92143CD623BeCb0fB,0
0x01F369bF2d5a62CE60B0a2E92143CD623BeCb0fB,0x5b80d13bf03bc4be549dee02ed563db4b53e56698f364efd7bc42920388d6601,14972630,0,0x01F369bF2d5a62CE60B0a2E92143CD623BeCb0fB,0
0x01F369bF2d5a62CE60B0a2E92143CD623BeCb0fB,0xddcdf5bfeaadbfad1d53aa13e1e13c1d67704529f2a08055f4ad3227f96ffddc,14982108,0,0x01F369bF2d5a62CE60B0a2E92143CD623BeCb0fB,0
0x01F369bF2d5a62CE60B0a2E92143CD623BeCb0fB,0xd17f03cf8d72dbb1be2289b5dced5403f955bc51afdeadffc4977b2e70c5a693,14984297,0,0x01F369bF2d5a62CE60B0a2E92143CD623BeCb0fB,0
0x01F369bF2d5a62CE60B0a2E92143CD623BeCb0fB,0x6f01f9da979a7c7f239d206e56ac21188af7ef639589755290022d3a4d0ef33b,14994854,0,0x01F369bF2d5a62CE60B0a2E92143CD623BeCb0fB,0
0x01F369bF2d5a62CE60B0a2E92143CD623BeCb0fB,0x8c0016c3afe1a19787a1f17e04721d1670d1a3d0429306a58f212a7d5c50c204,15006831,0,0x01F369bF2d5a62CE60B0a2E92143CD623BeCb0fB,0
0x01F369bF2d5a62CE60B0a2E92143CD623BeCb0fB,0x9d57a64602f0e41a27f4edeec63ea4fab2cf53ad6eca8c03478760998af76300,15016300,0,0x01F369bF2d5a62CE60B0a2E92143CD623BeCb0fB,0
0x01F369bF2d5a62CE60B0a2E92143CD623BeCb0fB,0x6119c1e9e8a237cc330080af633c109da5fd578a6fcb3b8dc94d9a942930d066,15023711,0,0x01F369bF2d5a62CE60B0a2E92143CD623BeCb0fB,0
0x01F369bF2d5a62CE60B0a2E92143CD623BeCb0fB,0xe3bf91546500d29c6b5fdf64de07ea2a404f7524dcd83b464d43ad9d823fc4bc,15045729,0,0x01F369bF2d5a62CE60B0a2E92143CD623BeCb0fB,0
0x01F369bF2d5a62CE60B0a2E92143CD623BeCb0fB,0xbdc8dcc2144d1c6639b9dfa4e2cc90f4d68c66e7c3399628fafc4ed5504d4822,15052116,0,0x01F369bF2d5a62CE60B0a2E92143CD623BeCb0fB,0
0x01F369bF2d5a62CE60B0a2E92143CD623BeCb0fB,0x078da4656326aab1498dfa2e4c7a2dc5e09a886c0ee09e8b01f8a4f9725aefe0,15065484,0,0x01F369bF2d5a62CE60B0a2E92143CD623BeCb0fB,0
0x01F369bF2d5a62CE60B0a2E92143CD623BeCb0fB,0x6f95dfe4b62c353ec1af770d097e058eb02b7943b6325abd28bfc2b351c486fb,15076960,0,0x01F369bF2d5a62CE60B0a2E92143CD623BeCb0fB,0
0x01F369bF2d5a62CE60B0a2E92143CD623BeCb0fB,0x3994a1a9b267f483e64f0d89d0f08e95cb0bf97068213b6d7c28b46f992b0e95,15077164,0,0x01F369bF2d5a62CE60B0a2E92143CD623BeCb0fB,0
0x01F369bF2d5a62CE60B0a2E92143CD623BeCb0fB,0xf1fa473ecca30fd7e13be71943e63445f67f8ec2ce9eaedef6d164344f8ebf0d,15077177,0,0x01F369bF2d5a62CE60B0a2E92143CD623BeCb0fB,0
0x01F369bF2d5a62CE60B0a2E92143CD623BeCb0fB,0x4788ced82ed58637b0410efcf54bc1657758aa49b80fad1dc5a46759cb8d300b,15138847,0,0x01F369bF2d5a62CE60B0a2E92143CD623BeCb0fB,0
0x01F369bF2d5a62CE60B0a2E92143CD623BeCb0fB,0x827ae6c95c80ca524721cef144d3bdd5e1accb2f3cbe3576677c281813f8662c,15165193,0,0x01F369bF2d5a62CE60B0a2E92143CD623BeCb0fB,0
0x01F369bF2d5a62CE60B0a2E92143CD623BeCb0fB,0x1d65f8834d0cc761da42cdbd0b5b7a9dd5fca5ca77c2f9b56c9be3d57433da57,15228111,0,0x01F369bF2d5a62CE60B0a2E92143CD623BeCb0fB,0
0x01F369bF2d5a62CE60B0a2E92143CD623BeCb0fB,0x2bd651a16fadca05ebf0c5a1a713676327a35882baac11169dbacc86689e7e68,15266707,0,0x01F369bF2d5a62CE60B0a2E92143CD623BeCb0fB,0
0x01F369bF2d5a62CE60B0a2E92143CD623BeCb0fB,0x2afc3e25dce5e977be4d7d8fc6b3cc53cae12280630a60b8826758f64f8dc8ca,15266760,0,0x01F369bF2d5a62CE60B0a2E92143CD623BeCb0fB,0
0x01F369bF2d5a62CE60B0a2E92143CD623BeCb0fB,0xfc60028529a5973a5d57142a294410eaa7981674b0a2a3ff5d9498c80a7aee9d,15266896,0,0x01F369bF2d5a62CE60B0a2E92143CD623BeCb0fB,0
0x01F369bF2d5a62CE60B0a2E92143CD623BeCb0fB,0x50cd720962aab5a54b9c17291b4735663995648b08df9982a36c33147b57689e,15269801,0,0x01F369bF2d5a62CE60B0a2E92143CD623BeCb0fB,0
0x01F369bF2d5a62CE60B0a2E92143CD623BeCb0fB,0xb092d758d96160fa6b55ddc4cd7ae2b4b931e1ca79360bfbcc1eca1c850120ac,15269900,0,0x01F369bF2d5a62CE60B0a2E92143CD623BeCb0fB,0
0x01F369bF2d5a62CE60B0a2E92143CD623BeCb0fB,0x5b4f5636051130e630791c720e057f3568656b30b046052dcf135a7769018be4,15270247,0,0x01F369bF2d5a62CE60B0a2E92143CD623BeCb0fB,0
0x01F369bF2d5a62CE60B0a2E92143CD623BeCb0fB,0x7efeacf6e4c70ad888a098734ba33a7da1b86098719d33dbf4dab6b5b3562d19,15274253,0,0x01F369bF2d5a62CE60B0a2E92143CD623BeCb0fB,0
0x01F369bF2d5a62CE60B0a2E92143CD623BeCb0fB,0xcbd8133cca33b697e64caa4d582723b0900bb5ae09cdd587c81728ff4158bd33,15295173,0,0x01F369bF2d5a62CE60B0a2E92143CD623BeCb0fB,0
0x01F369bF2d5a62CE60B0a2E92143CD623BeCb0fB,0xcab91ec43294859bff6d1aa0b6fbf23b4ca227870b130504a892aeb77f700761,15298968,0,0x01F369bF2d5a62CE60B0a2E92143CD623BeCb0fB,0
0x01F369bF2d5a62CE60B0a2E92143CD623BeCb0fB,0xa33bf60ed247412b58bfc898dba4e97a0527fd3a875d8942cf6bf7ac63515051,15300206,0,0x01F369bF2d5a62CE60B0a2E92143CD623BeCb0fB,0
0x01F369bF2d5a62CE60B0a2E92143CD623BeCb0fB,0xd1f9844fa6f1117b0d45b2ced3d253b5ce062547dada9c9eb763c63186c10533,15302476,0,0x01F369bF2d5a62CE60B0a2E92143CD623BeCb0fB,0
0x01F369bF2d5a62CE60B0a2E92143CD623BeCb0fB,0x6f7aa5561463bd412fd82fbe5dae745e26780b52cf92b8df5f32ed4b546fc56b,15336356,0,0x01F369bF2d5a62CE60B0a2E92143CD623BeCb0fB,0
0x01F369bF2d5a62CE60B0a2E92143CD623BeCb0fB,0x175a639e15c84c4122faf2f39371a8c4d2ab667d074b87b8137c0ee795e46d17,15409076,0,0x01F369bF2d5a62CE60B0a2E92143CD623BeCb0fB,0
0x01F369bF2d5a62CE60B0a2E92143CD623BeCb0fB,0xf969e4887e529d8f00ab75af05d60c9f5006a5939a6eea8d0c1511b4d9470e6d,15417252,0,0x01F369bF2d5a62CE60B0a2E92143CD623BeCb0fB,0
0x01F369bF2d5a62CE60B0a2E92143CD623BeCb0fB,0x7fc8fb9e36330ac7edda4068462521311135e620cc0e80d8b3efcdfdded6da02,15440553,0,0x01F369bF2d5a62CE60B0a2E92143CD623BeCb0fB,0
0x01F369bF2d5a62CE60B0a2E92143CD623BeCb0fB,0xf37f19f6d3a9216de56c7342f6e218fe387a1bef64d8829b0ac9507192a4f680,15444305,0,0x01F369bF2d5a62CE60B0a2E92143CD623BeCb0fB,0
0x63ef5bBeBFe823E243487d94065b7d0356830aC6,0x37a7ebfa1cc19de1815017ddf5a855198db0e067cbf86915228ab80f8e15eca2,13794562,0,0x63ef5bBeBFe823E243487d94065b7d0356830aC6,0
0x63ef5bBeBFe823E243487d94065b7d0356830aC6,0x55075099bc8ae64be6cf4d3e3a19fcef5d43885036e4237a02114b04c8ba6cab,13821758,0,0x63ef5bBeBFe823E243487d94065b7d0356830aC6,0
0xbc8854C8664489F8fCfF3E46ABCce85d0AD362E4,0x5f3f7fd5b52e0e347080f2c744342c35bc9b210118cfdbb617805f9adf390743,13836323,0,0xbc8854C8664489F8fCfF3E46ABCce85d0AD362E4,0
0xb9F747162AB1E95d07361f9048BcDF6eDdA9eEA7,0x7a3c76a2526f6b79154eba6e1d10b40b907335386169fcb164b52d0964ebd895,13962446,0,0xb9F747162AB1E95d07361f9048BcDF6eDdA9eEA7,0
0x5A114487131513637aCcF739CC7aD78EA9FAbc34,0x0b5ea4d89abdb3dfd9c7d5ed04aa89c4dac82a096c0ac63e87c560fa102f7c63,14005260,0,0x5A114487131513637aCcF739CC7aD78EA9FAbc34,0
0x5A114487131513637aCcF739CC7aD78EA9FAbc34,0xe256eb9a4209eb3215d7ab17678bbfaa5036e9690b573c87661809d030aa51a0,14753935,0,0x5A114487131513637aCcF739CC7aD78EA9FAbc34,0
0x5A114487131513637aCcF739CC7aD78EA9FAbc34,0xec74dd5cc6b2c7516c9dec332725c9edad15b9f311550374ac7b669e89d5fcc7,14753971,0,0x5A114487131513637aCcF739CC7aD78EA9FAbc34,0
0x5A114487131513637aCcF739CC7aD78EA9FAbc34,0x9a8a3324955cd102019149b7fd4b515df840e35a8beb67cb8fa334c7cedb16ca,14769942,0,0x5A114487131513637aCcF739CC7aD78EA9FAbc34,0
0xAB11fC1B324B44FEFb9E231c064395827C0ac7f5,0x79e5e271d3291c13526b24bfa532f8ca76043c94ba2a30d462d84f8e347f0622,14013053,0,0xAB11fC1B324B44FEFb9E231c064395827C0ac7f5,0
0xAB11fC1B324B44FEFb9E231c064395827C0ac7f5,0x83e52bac6bab8c3cd08bd9bb1fcd57d2c14ce216ca85b4ffbcd42b928116dd38,14259357,0,0xAB11fC1B324B44FEFb9E231c064395827C0ac7f5,0
0xAB11fC1B324B44FEFb9E231c064395827C0ac7f5,0xcbf3f5e49bd913b577f7c75b7c3b514280ac05087deb68cae575086104548cac,14452374,0,0xAB11fC1B324B44FEFb9E231c064395827C0ac7f5,0
0xAB11fC1B324B44FEFb9E231c064395827C0ac7f5,0x7a2da04f8ad4c242a437682b4e6a184bb14f678fc8d00243c7132b8b6658b9d5,14708300,0,0xAB11fC1B324B44FEFb9E231c064395827C0ac7f5,0
0xAB11fC1B324B44FEFb9E231c064395827C0ac7f5,0xdf50872462ee0b56bd72913d0f006735c141343b68df098b771917df4dd54565,14746013,0,0xAB11fC1B324B44FEFb9E231c064395827C0ac7f5,0
0xAB11fC1B324B44FEFb9E231c064395827C0ac7f5,0x3c720c280c21bca4e04110909ef227d9ad455ff54b01c2fbdf8a6b3386800f10,14959832,0,0xAB11fC1B324B44FEFb9E231c064395827C0ac7f5,0
0xAB11fC1B324B44FEFb9E231c064395827C0ac7f5,0x07ff7988ffcfea5427ae56b5621e3030348af7b3589bbbb46abc16e6f3460033,15189258,0,0xAB11fC1B324B44FEFb9E231c064395827C0ac7f5,0
0xEa6425a03B4545C10b49c785Df9EfbBbB68b7167,0xf541905167ad3c38a7875b72f19ef608498769ee7202583579ab9a7c4a7cd61e,14619671,0,0xEa6425a03B4545C10b49c785Df9EfbBbB68b7167,0
0xEa6425a03B4545C10b49c785Df9EfbBbB68b7167,0xe918107d930bfb429cf75526d43d066c5be70fc135f7ce2c49234d205fa1390e,14712908,0,0xEa6425a03B4545C10b49c785Df9EfbBbB68b7167,0
0xEa6425a03B4545C10b49c785Df9EfbBbB68b7167,0x01a2255dbd93a651fcf7d1a8e05626d699990527e4486a1358dcafc9b53ef770,14851109,0,0xEa6425a03B4545C10b49c785Df9EfbBbB68b7167,0
0xEa6425a03B4545C10b49c785Df9EfbBbB68b7167,0x120b6936eb8bee41c1a7e47e97f73073bc3eaf0542b672abae96d021fd55c114,15167537,0,0xEa6425a03B4545C10b49c785Df9EfbBbB68b7167,0
0xEa6425a03B4545C10b49c785Df9EfbBbB68b7167,0x2154072dfebc07a542055bb07834e94209ee248b94d21d0205b0669dc6dcaf2d,15239900,0,0xEa6425a03B4545C10b49c785Df9EfbBbB68b7167,0
0xEa6425a03B4545C10b49c785Df9EfbBbB68b7167,0x8b88f7ab8e6b44ee647dd7a181f1bfe784edb1dd70c92117e02d40088e28601d,15259924,0,0xEa6425a03B4545C10b49c785Df9EfbBbB68b7167,0
0xE8814e7E873758d9CB1bcA79c805d9A62984B802,0xb4fbbab77aa3d2d37bcde806f5cac81d2da9ab946d2f836e4d01fc0c6972f4a0,14785760,0,0xE8814e7E873758d9CB1bcA79c805d9A62984B802,0
0x43593e7659CDEeb3A45AbaB3095aC394E45fff29,0x8e0cedce0d193af2dd785d1f4e592fa11dd14693a44d85b460de50ab722915c1,14965520,0,0x43593e7659CDEeb3A45AbaB3095aC394E45fff29,0
0x904830cDC0176A0Bd157aa43A07cDe6d083082e0,0x25b54aeb082271358e1df1e8b6816e6348f635f523d476adda4f09eda00182d1,15051231,0,0x904830cDC0176A0Bd157aa43A07cDe6d083082e0,0
0x904830cDC0176A0Bd157aa43A07cDe6d083082e0,0x9d73349b67e0e0071a0f98405e1b033215011ec4b6eb0474a3fd1174aa6f2254,15196426,0,0x904830cDC0176A0Bd157aa43A07cDe6d083082e0,0
0x8589A26eb762c9D8126b69c0582151186C4E71Bd,0x5088dce9e7bea9a2c809a67466416bc94d2448c10b7675adc6b50bd5987b24c2,15301485,0,0x8589A26eb762c9D8126b69c0582151186C4E71Bd,0
0x788D98F889677Ba1b9B5CF60Bde33e924E02a78B,0xe3793f81cb23b5294083693dbdd59e9267e3cc52397b7a7ebbe49076168ce328,15360487,0,0x788D98F889677Ba1b9B5CF60Bde33e924E02a78B,0
0xAa2FC5e52bd2765d7c9Bbc4730498f431ec775e5,0x56c97f102f53b2bc98dde37d7de001e2d664372e1e0250d937aa142634b745c2,15360613,0,0xAa2FC5e52bd2765d7c9Bbc4730498f431ec775e5,0
