token,decimals,symbol
0x6B175474E89094C44Da98b954EedeAC495271d0F,18,DAI
0x639A647fbe20b6c8ac19E48E2de44ea792c62c5C,18,DAI
0x000000000000d0151E748d25b766e77efe2A6c83,18,XDEX
0xfA9343C3897324496A05fC75abeD6bAC29f8A40f,18,XDEX
0x7968bc6a03017eA2de509AAA816F163Db0f35148,6,HGET
0x818ec0A7Fe18Ff94269904fCED6AE3DaE6d6dC0b,6,HGET
0xC02aaA39b223FE8D0A0e5C4F27eAD9083C756Cc2,18,WETH
0xA649325Aa7C5093d12D6F98EB4378deAe68CE23F,18,WETH
0x0dCb0CB0120d355CdE1ce56040be57Add0185BAa,18,WETH
0xd794DD1CAda4cf79C9EebaAb8327a1B0507ef7d4,18,HYVE
0x922D641a426DcFFaeF11680e5358F34d97d112E1,18,HYVE
0x99D8a9C45b2ecA8864373A26D1459e3Dff1e17F3,18,MIM
0xbbc4A8d076F4B1888fec42581B6fc58d242CF2D5,18,MIM
0xA0b86991c6218b36c1d19D4a2e9Eb0cE3606eB48,6,USDC
0x7EA2be2df7BA6E54B1A9C70676f668455E329d29,6,USDC
0x739ca6D71365a08f584c8FC4e1029045Fa8ABC4B,18,DAI
0xB153FB3d196A8eB25522705560ac152eeEc57901,18,WETH
0xdAC17F958D2ee523a2206206994597C13D831ec7,6,USDT
0x22648C12acD87912EA1710357B1302c6a4154Ebc,6,USDT
0xdB25f211AB05b1c97D595516F45794528a807ad8,2,EURS
0xB72842D6F5feDf91D22d56202802Bb9A79C6322E,2,EURS
0x2cc71c048A804Da930e28E93F3211dC03c702995,8,LPK
0x38389eB214C4AC1CDDa7A7582Ab01e8a9bB548bA,8,LPK
0xEaDC218Ac4cB7895a5A56e6484646b48f841C45a,18,MFI
0xB0A3dA261BAD3Df3f3cc3a4A337e7e81f6407c49,18,MFI
0x6E765D26388A17A6e86c49A8E41DF3F58aBcd337,18,KANGAL
0x7F8BC696bEBbbd29255F871cBef55B74e8F10E57,18,KANGAL
0x090185f2135308BaD17527004364eBcC2D37e5F6,18,SPELL
0x4e840AADD28DA189B9906674B4Afcb77C128d9ea,18,SPELL
0x6911F552842236bd9E8ea8DDBB3fb414e2C5FA9d,18,SNP
0x7D09a42045359Aa85488bC07D0ADa83E22d50017,18,SNP
0x4e352cF164E64ADCBad318C3a1e222E9EBa4Ce42,18,MCB
0xd1a891E6eCcB7471Ebd6Bc352F57150d4365dB21,18,MCB
0x10010078a54396F62c96dF8532dc2B4847d47ED3,18,HND
0xc8a45dd787a301C38aD33f692f0d41C18590Ef94,18,HND
0x054f76beED60AB6dBEb23502178C52d6C5dEbE40,18,FIN
0xE3AB61371ECc88534C522922a026f2296116C109,18,FIN
0x6fB3e0A217407EFFf7Ca062D46c26E5d60a14d69,18,IOTX
0xebf1F92D4384118bFb91B4496660a95931c92861,18,IOTX
0xd26fb114401Ec86887CD09F62eccd95fCf20B571,8,BCP
0x97Cd1CFE2ed5712660bb6c14053C0EcB031Bff7d,8,BCP
0x5f6c5C2fB289dB2228d159C69621215e354218d7,18,DMOD
0xd4143E8dB48a8f73afCDF13D7B3305F28DA38116,18,DMOD
0x491604c0FDF08347Dd1fa4Ee062a822A5DD06B5D,18,CTSI
0xe5CF1558A1470cb5C166c2e8651eD0F3c5fb8F42,18,CTSI
0x88A9A52F944315D5B4e917b9689e65445C401E83,18,FEAR
0x3BD2dFd03BC7c3011ed7fb8c4d0949B382726cee,18,FEAR
0xCa76543Cf381ebBB277bE79574059e32108e3E65,18,wsOHM
0x8e60d469A94E1be77668e8c9c55C498701870762,18,wsOHM
0xD8C1232FcD219286E341271385bd70601503B3D7,9,DOGIRA
0x47536F17F4fF30e64A96a7555826b8f9e66ec468,9,DOGIRA
0x85Ffb35957203dfD12061eAeCD708dB623Bd567C,18,LTY
0x5d47bAbA0d66083C52009271faF3F50DCc01023C,18,LTY
0xf16e81dce15B08F326220742020379B855B87DF9,18,ICE
0x5fCB9de282Af6122ce3518CDe28B7089c9F97b26,18,ICE
0x9fa69536d1cda4A04cFB50688294de75B505a9aE,18,DERC
0xc5e509bC8438d4F4ee355282eeb4af92AE14E43a,18,DERC
0xD9016A907Dc0ECfA3ca425ab20B6b785B42F2373,18,GMEE
0xf1b7980826Cd89A99e45eb4236492FD42d463660,18,GMEE
0x147faF8De9d8D8DAAE129B187F0D02D819126750,18,GEO
0x6B26780e74Cfc64B88c9e1ebc33fFAe29c1679eA,18,GEO
0x9040e237C3bF18347bb00957Dc22167D0f2b999d,18,STND
0x826Ee16b4B401E84c76b48a2A81545cBb994A995,18,STND
0xF063fE1aB7a291c5d06a86e14730b00BF24cB589,18,SALE
0x8323FCF06D58F49533Da60906D731c6a56626Fb2,18,SALE
0x6b289CCeAA8639e3831095D75A3e43520faBf552,18,SPELL
0x0000000000085d4780B73119b644AE5ecd22b376,18,TUSD
0x0bd19f6447cd676255C7C7B00428462B3dA67e3a,18,TUSD
0xAC57De9C1A09FeC648E93EB98875B212DB0d460B,9,BabyDoge
0x8b92eA35171e29948Cc9e49c52AC8dB0549B7D6B,9,BabyDoge
0x853d955aCEf822Db058eb8505911ED77F175b99e,18,FRAX
0x4f60a160D8C2DDdaAfe16FCC57566dB84D674BD6,18,FRAX
0x3432B6A60D23Ca0dFCa7761B7ab56459D9C964D0,18,FXS
0x685b63CFE0179b3EFb70A01dCb1D648549AA192d,18,FXS
0x327673aE6B33Bd3d90f0096870059994f30Dc8AF,18,LMT
0x937E077aBaEA52d3abf879c9b9d3f2eBd15BAA21,18,LMT
0x794Baab6b878467F93EF17e2f2851ce04E3E34C8,18,YIN
0x52DC835D5a36FdF9E6a84603cfEF82298645635C,18,YIN
0xB8647e90C0645152Fccf4d9AbB6B59Eb4AA99052,18,KEYFI
0xaFb2780CBb58b2AF27023Eb2a0e60c8Ca0eEE9bb,18,KEYFI
0x21ad647b8F4Fe333212e735bfC1F36B4941E6Ad2,9,SQUID
0x25A528af62e56512A19ce8c3cAB427807c28CC19,18,SQUID
0x5f944B0c4315Cb7c3a846b025AB4045da44abf6c,18,GCAKE
0x015Cea338Ce68bd912B3c704620C6000eE9F4Ab9,18,GCAKE
0x4E15361FD6b4BB609Fa63C81A2be19d873717870,18,FTM
0xB01371072fDcB9B4433b855e16A682B461F94AB3,18,FTM
0x88536C9B2C4701b8dB824e6A16829D5B5Eb84440,9,USV
0x790CFDc6aB2e0eE45a433aAC5434F183BE1f6A20,9,USV
0x3b79a28264fC52c7b4CEA90558AA0B162f7Faf57,18,wMEMO
0x4691937a7508860F876c9c0a2a617E7d9E945D4B,18,WOO
0x95555E4e4CB2C094914aF53598eFf14b9340881f,18,WOO
0x7825e833D495F3d1c28872415a4aee339D26AC88,18,TLOS
0xcaF5191fc480F43e4DF80106c7695ECA56E48B18,18,TLOS
0x8dB253a1943DdDf1AF9bcF8706ac9A0Ce939d922,18,UNB
0xc0330289B5509269bC312C83E5dB42Aeb259B687,18,UNB
0x3f5294DF68F871241c4B18fcF78ebD8Ac18aB654,18,STZ
0xE87d84DcBb848fe94C6dAEdc9c81C913F707F2D2,18,STZ
0xa0b20DecBc557E3f68E140eD5a0c69bc865F865A,18,TOMB
0x9Ac59862934ebc36072D4D8ADA37c62373A13856,9,RYOSHI
0x758d08864fB6cCE3062667225ca10b8F00496cc2,9,RYOSHI
0x65Ef703f5594D2573eb71Aaf55BC0CB548492df4,18,MULTI
0x9Fb9a33956351cf4fa040f65A13b835A3C8764E3,18,MULTI
0xA803778AB953d3FfE4FBD20Cfa0042eCeFE8319D,18,CTZN
0x2eAa12c0c76ea8192d82B63F8dbBb7EC2a270295,18,CTZN
0xb31eF9e52d94D4120eb44Fe1ddfDe5B4654A6515,18,DOSE
0x2cF7d99C1bff7Caa25B737C909637948e6E7781E,18,DOSE
0xDfDd3459D4F87234751696840092ee20C970Fb07,9,MYOBU
0x34f380a4e3389e99C0369264453523Bbe5aF7faB,9,MYOBU
0x0B6F3c17e1626a7cBfA4302CE4E3c45522d23A83,18,WAD
0x40DF1Ae6074C35047BFF66675488Aa2f9f6384F3,18,WAD
0x5F69b7Ab8F7cAb199a310Fd5A27B43Fef44ddcC0,18,LIQ
0xc813EA5e3b48BEbeedb796ab42A30C5599b01740,4,NIOX
0x58a547Ed09684ac2A688610d5Caf8e8968b51908,4,NIOX
0x7D1AfA7B718fb893dB30A3aBc0Cfc608AaCfeBB0,18,MATIC
0x1Cb1284CF62C3E593a8f49EEf3db37AD20467Bed,18,MATIC
0x8965349fb649A33a30cbFDa057D8eC2C48AbE2A2,18,AVAX
0xEe9E5eFF401ee921b138490d00CA8D1F13f67A72,8,Afin
0x6feFd97F328342a8A840546A55FDcfEe7542F9A8,8,Afin
0x2260FAC5E5542a773Aa44fBCfeDf7C193bc2C599,8,WBTC
0xE6B9d092223f39013656702A40dbE6B7DeCc5746,8,WBTC
0xd9adb7536E90660F601c5BFB15cB49BFa78cA0a6,18,2022M
0x986A4EA3679AFe15b5963A6Ec3437bE859279BC1,18,2022M
0x64A77277e37D44957FE5815d6FF442ab8b16cC29,9,DAWGS
0xFE77d71bAf7A6CdabbD63A2AD1e0aDb68ca64c06,9,DAWGS
0x8290333ceF9e6D528dD5618Fb97a76f268f3EDD4,18,ANKR
0x6362496Bef53458b20548a35A2101214Ee2BE3e0,18,ANKR
0x5f7F94a1dd7b15594d17543BEB8B30b111DD464c,18,dSNX
0x69570f3E84f51Ea70b7B68055c8d667e77735a25,18,BSGG
0x84051Efb5e0c61AC1863B5de72Cd5bC3221870E4,18,BSGG
0xf751575ED3390f6C02B4358f9E165e7B44877032,18,TUSD
0x62Dc4817588d53a056cBbD18231d91ffCcd34b2A,18,DHV
0xbD83010eB60F12112908774998F65761cf9f6f9a,18,DHV
0x99bB54f7A11EB8af1d486fe644ebed304F52f85a,9,SPONGS
0xAcfa209Fb73bF3Dd5bBfb1101B9Bc999C49062a5,18,BCDT
0x09211Dc67f9fe98Fb7bBB91Be0ef05f4a12FA2b2,18,BCDT
0x9b17bAADf0f21F03e35249e0e59723F34994F806,18,GEM
0x514910771AF9Ca656af840dff83E8264EcF986CA,18,LINK
0x8dFDC61c7c7551D0DEec950A2822eB59cddb8f59,18,LINK
0x40986a85B4cFCDb054A6CBFB1210194fee51af88,18,UFARM
0xBDba76fA2659c33ffCc2B0bc134c3A2c8a3Aa94d,18,UFARM
0x3085154623F51b00Dedfc6Ceeb5197277A66B17B,18,NFTY
0x9F47F313ACFd4bdC52F4373b493EaE7d5aC5b765,18,NFTY
0xAEcc217a749c2405b5ebC9857a16d58Bdc1c367F,9,PAWTH
0xDfed31E640b7280F76f046a97179E5E369D209b5,9,PAWTH
0x4Cf89ca06ad997bC732Dc876ed2A7F26a9E7f361,18,MYST
0x58c1BBb508e96CfEC1787Acf6Afe1C7008A5B064,18,MYST
0xaa61D5dec73971CD4a026ef2820bB87b4a4Ed8d6,18,CRE8R
0xb8930BD2dD53D449f83466705827F3dBF90eA7Fc,18,CRE8R
0x71dc40668682a124231301414167E4CF7f55383C,18,MIMIR
0x20CF1b6E9d856321ed4686877CF4538F2C84B4dE,18,MIMIR
0x65Def5029A0e7591e46B38742bFEdd1Fb7b24436,18,KAE
0xD2aF5442bd47461B37726fD323D95E569973fe6d,18,KAE
0x614D7f40701132E25fe6fc17801Fbd34212d2Eda,9,BLAST
0xDFDb7f72c1F195C5951a234e8DB9806EB0635346,18,NFD
0xe008ff5483D5C0214911ba6CBDACcf822436D165,18,NFD
0x28b5E12CcE51f15594B0b91d5b5AdaA70F684a02,2,NPX
0x40D4c6CecA870A0439dC0232D40cF8be8B425bAf,2,NPX
0xD38B1159c8aEE064Af2D869Afa1c2c1632da8B97,8,MRXe
0x1608278E54FB9E070cb109234d111Ff3A359612b,8,MRXe
0xB2979Ab4705FA0621FCaB059748B4e77dd76b78e,9,nuBTC
0x1748E1A07E82762660b4e57838B570dCb73bF75D,9,nuBTC
0x1a7e4e63778B4f12a199C062f3eFdD288afCBce8,18,agEUR
0xE705aF5f63fcaBDCDF5016aA838EAaac35D12890,18,agEUR
0xaDB2437e6F65682B85F814fBc12FeC0508A7B1D0,18,UNCX
0xd9A807E9d2F61B0098B4c3f79b2Dfb9Bc2E181ae,18,UNCX
0x0C75dD36aF9a59BA1d248a98Fe91b2384cfea9be,18,WHIRL
0xB4d930279552397bbA2ee473229f89Ec245bc365,18,MAHA
0x1FbBc7dBa1eF75ff43F955a5B9CeeC3Cc1692Cd8,18,MAHA
0x511D35c52a3C244E7b8bd92c0C297755FbD89212,18,TCS
0x57B946008913B82E4dF85f501cbAeD910e58D26C,18,POND
0xB53Ec4aCe420a62Cfb75aFdEba600D284777cd65,18,POND
0xdeFA4e8a7bcBA345F687a2f1456F5Edd9CE97202,18,KNC
0x7BEB05cf5681f402E762F8569c2Fc138a2172978,18,KNC
0x850aAB69f0e0171A9a49dB8BE3E71351c8247Df4,18,KONO
0xa8752333f6a6fe47323a4eDAC3D09Bb1048A0E23,18,KONO
0x6781a0F84c7E9e846DCb84A9a5bd49333067b104,18,ZAP
0x2aD402655243203fcfa7dCB62F8A08cc2BA88ae0,18,ZAP
0xcf0BCf85082e3CFE591bd2451Bc4B46faa34c7De,18,Froyo
0x0615Dbba33Fe61a31c7eD131BDA6655Ed76748B1,18,WETH
0x95A1796437BAd6502d1c1cce165Cd76E522409a9,18,OCCT
0x8D34a11f49172C057d11833cF92AFF97F28Fc595,18,OCCT
0x2f4eb47A1b1F4488C71fc10e39a4aa56AF33Dd49,18,UNCL
0xcb69f7Ac645F5e09310b91445277A53F7fcb78cF,18,UNCL
0xc6DdDB5bc6E61e0841C54f3e723Ae1f3A807260b,18,URUS
0x782617249085AA28A367fEB49CF811434660cEE5,18,URUS
0xcAfE001067cDEF266AfB7Eb5A286dCFD277f3dE5,18,PSP
0x84Ae7b0FF2Bc523969fB3162E04149A419196F4b,18,PSP
0x591127253E40d4f63bF29CcF3D81FD062A149C8c,18,XMETA
0xE613a914bbb433855378183c3aB13003285da40A,18,XMETA
0x15Ee120fD69BEc86C1d38502299af7366a41D1a6,18,BitANT
0x57e8283743B169855248c1DE250B921336096677,18,BitANT
0x48592de8CdED16f6Bb56c896Fe1Affc37630889C,18,POLP
0x99f7D752745f270E100233cC05768B4a12Bd09f0,18,POLP
0x10864cD0C4250F7de15DD3Cd3788dc704cDb6706,18,MTC
0xEA1ea0972fa092dd463f2968F9bB51Cc4c981D71,18,MOD
0xFC2AFD7EbF2E0ca69340Cd9f466177E23812CF5a,18,MOD
0x9ee45ADBB2F2083ab5CD9BC888C77a662Dbd55fE,8,XTR
0xAACa86B876ca011844b5798ECA7a67591A9743C8,18,BIOS
0x90F615bB7b2Def7Bd14C507f90ff42B6aCAcf86e,18,BIOS
0x970B9bB2C0444F5E81e9d0eFb84C8ccdcdcAf84d,18,FUSE
0xe6D9C0aCF30194E2a5ae9C1c8342aC49e98A4B0A,18,FUSE
0x3708DEA52A5846FD16d0060AaB01c87bb5932b02,18,ATEM
0xBaa75208D0ec8DDe89C036dD71E897C8df903f11,18,ATEM
0x3F6D1649A1366b0E82173D33e365953f9F1Cc84C,18,SCLP
0xa4FFfc757e8c4F24E7b209C033c123D20983Ad40,18,SCLP
0x7aE0d42f23C33338dE15bFa89C7405c068d9dC0a,18,VERSE
0xbB3D3EE59002B7b9A0a276C269D60fbAc3EA65F8,18,VERSE
0x5A98FcBEA516Cf06857215779Fd812CA3beF1B32,18,LDO
0x0914D4CCc4154cA864637B0B653Bc5Fd5e1d3ecF,18,LDO
0x12BB890508c125661E03b09EC06E404bc9289040,18,RACA
0x16abA2d28329620F31D44748EC82FA08daA50B86,18,RACA
0x56501B0B12Ee9518c2991451Bbc8d7F9267949d2,9,EXZO
0xaD996A45fd2373ed0B10Efa4A8eCB9de445A4302,18,SHI
0xc976BE9DdBB3e2B2eFFd9af4845C38b6195dAB71,18,SYS
0xCd2828fc4D8E8a0eDe91bB38CF64B1a81De65Bf6,18,ODDZ
0xa097c96ACc9587D140AD8aEaAC13D9db2C6CC07f,18,ODDZ
0x0adA190c81b814548ddC2F6AdC4a689ce7C1FE73,18,YAXIS
0x64Ee4f41A15D6c431AB6607d4e95462169d50f6C,18,YAXIS
0xab167E816E4d76089119900e941BEfdfA37d6b32,9,SHINJA
0x6496994241804D7fE2b032901931e03bCD82301F,9,SHINJA
0x8A7aDc1B690E81c758F1BD0F72DFe27Ae6eC56A5,18,BLID
0xf8a363Cf116b6B633faEDF66848ED52895CE703b,18,BLID
0x4d224452801ACEd8B2F0aebE155379bb5D594381,18,APE
0xC167f62e93775ACADeb3d2B0940bce560171Fdf3,18,APE
0xE0aD1806Fd3E7edF6FF52Fdb822432e847411033,18,ONX
0x3b9e3b5c616A1A038fDc190758Bbe9BAB6C7A857,18,ONX
0xF6650117017FFD48B725B4EC5A00B414097108A7,18,XIDO
0xF7428FFCb2581A2804998eFbB036A43255c8A8D3,18,XIDO
0x993864E43Caa7F7F12953AD6fEb1d1Ca635B875F,18,SDAO
0xdE58658a05a8cE87BB8Ab96a05A4C4544938E28F,18,SDAO
0x16B3E050e9e2f0Ac4f1BEA1b3E4fdc43d7f062Dd,9,SMBR
0xF887906E130349A624ffA3CF1FA5b56f48b11c08,9,SMBR
0xAC51066d7bEC65Dc4589368da368b212745d63E8,6,ALICE
0x3915C77Dc839d97e875613a5b64179aCC1Da97Df,6,ALICE
0x92CfbEC26C206C90aeE3b7C66A9AE673754FaB7e,18,OLE
0xD6040966181C9D1B28158335780dC42514B119e7,18,OLE
0xff56Cc6b1E6dEd347aA0B7676C85AB0B3D08B0FA,18,ORBS
0x944A05c5acC46c9777ACA7d8dD92B048b1b6D3e0,18,ORBS
0xC741f06082AA47F93729070aD0dD95E223Bda091,8,LEDU
0xA6e822E865fBE37D6EBC6d721947aFbBd9F95C19,8,LEDU
0x874464211649Eb0c504903195902415fb6986AaD,18,GREEN
0x48844dDBa89799DC40eC31728dAC629802D407f3,18,GREEN
0x90B831fa3Bebf58E9744A14D638E25B4eE06f9Bc,18,MIMO
0xE238Ce130E8d0Bed5FaB0bb52Fed6396F1aAa192,18,MIMO
0x4C4D878faE704ffF9E00325f7C2bC758489202EC,18,NNT
0x19193F450086d0442157b852081976D41657aD56,18,NNT
0xFeea0bDd3D07eb6FE305938878C0caDBFa169042,18,8PAY
0x77c62e549ca46EF8Dd5Edc052B1edC783F60A400,18,8PAY
0x411f3e09C66B30E7FACFec45Cd823B2E19dFAD2D,18,ONI
0x2e1F94dfC828d4f9d69B73Bfc87Db9c8038A0BEB,18,BUSD
0x4Fabb145d64652a948d72533023f6E7A623C7C53,18,BUSD
0xd13eB71515DC48a8a367D12F844e5737bab415dF,18,BUSD
0x5c2fCe5a43A56FC158a5a86CAc4FCC4fBDc577F4,18,$MF
0x0802d66f029c46E042b74d543fC43B6705ccb4ba,18,$MF
0x7a5d3A9Dcd33cb8D527f7b5F96EB4Fef43d55636,18,RADIO
0x05F2972cd67705E7f2DcBfFD0Daa3F939B61020B,18,RADIO
0x9f8F72aA9304c8B593d555F12eF6589cC3A579A2,18,MKR
0x11eb3aA66FE1f2B75cB353D3e874E96968182BdA,18,MKR
0x3E5D9D8a63CC8a88748f229999CF59487e90721e,18,XMT
0x9833c643f387ecFB76AA8114546AD524703c66Fb,18,XMT
0x4057Db5bD9f67A566aA10E5587b1a964afFc6a16,18,TFBX
0xe5130D3DbfaC6Ae7d73a24D719762df74d8E4c27,18,TFBX
0xE8521b61f64Fc45A0bC3db36D2A524fe61a69b52,18,DUET
0xB808D767DDf0F61Ca62331c1bBbebe0530b41079,18,DUET
0x7777777777697cFEECF846A76326dA79CC606517,18,SIG
0xD5eBD23D5eb968c2efbA2B03F27Ee61718609A71,18,SIG
0x00a35FD824c717879BF370E70AC6868b95870Dfb,18,IB
0x4374F26F0148a6331905eDf4cD33B89d8Eed78d1,18,YOSHI
0xF75565B89BA076b8fc7B9708d14855FD3dA89e97,18,YOSHI
0xF0d33BeDa4d734C72684b5f9abBEbf715D0a7935,6,NTX
0x7761a5e95C96ff0d68dAf5eF2f94741229b36b50,6,NTX
0x73B708E84837FFCcDE2933e3A1531fe61D5e80Ef,18,BTE
0xF331b2C406fEF2539e9b1150345575feb9f0323c,18,BTE
0x0f17BC9a994b87b5225cFb6a2Cd4D667ADb4F20B,18,jEUR
0xa71353Bb71DdA105D383B02fc2dD172C4D39eF8B,18,jEUR
0x6B3595068778DD592e39A122f4f5a5cF09C90fE2,18,SUSHI
0xA5432cbF7097C4E3536731dEc837e3fA676b38C3,18,SUSHI
0xC789f877FBB6aa4457EE5531cCeB76da6d3D1e3F,18,LACE
0x446F2A8A39Cc730ef378Be759A3c57f1a3fE824c,18,NBT
0xcea59DCE6A6d73a24e6d6944CFaBc330814c098A,18,NBT
0x93Dede06AE3B5590aF1d4c111BC54C3f717E4b35,18,gALCX
0x6474239b1a83cEB3789CD8dDb2218e6f5C6840Dd,18,gALCX
0x1b40183EFB4Dd766f11bDa7A7c3AD8982e998421,18,VSP
0x1c2E7118591ec1b6122e4fE3d645706a9747b10E,18,VSP
0xdf09a216Fac5ADC3e640Db418C0b956076509503,18,PKN
0x623332A33Ae3a8fC9B121322C72550Decc0eD81C,18,PKN
0x297D33e17e61C2Ddd812389C2105193f8348188a,18,$TRDL
0x9EBA16F6b7e8848e440922861123F0bee957002a,18,$TRDL
0x7815bDa662050D84718B988735218CFfd32f75ea,18,YEL
0x301DE15579C37d1e1cC8B46D74324b885A77291B,18,YEL
0xA130E3a33a4d84b04c3918c4E5762223Ae252F80,18,SWASH
0x2eF4A574b72E1f555185AfA8A09c6d1A8AC4025C,18,SWASH
0x8EEdEFe828A0f16C8fc80e46a87Bc0f1De2d960c,18,DGMV
0x19F36BbB75cFb2969486d46a95E37c74A90C7CBb,18,DGMV
0xb753428af26E81097e7fD17f40c88aaA3E04902c,18,SFI
0x3fF1Af9E583d3790ec51E1407c9E94D8D1133dC3,18,SFI
0xDce56E81EF41814e3D014C1be03195C73d4aF513,9,FomoETH
0x5d5530eb3147152FE78d5C4bFEeDe054c8d1442A,9,FomoETH
0x92DF60c51C710a1b1C20E42D85e221f3A1bFc7f2,18,BANANA
0xeDADeB5fAa413e6c8623461849DFD0B7C3790c32,18,OBOT
0x7f352fA977713019C484C58E9BDfB04910016871,18,OBOT
0xb546c4a4FbFb0Ae97b589e6887d198d11e9f375e,18,MIT
0x0B23341fA1Da0171f52aA8Ef85f3946b44d35ac0,18,MIT
0x3ebb4A4e91Ad83BE51F8d596533818b246F4bEe1,18,SATA
0xBBB63f49Fe75CD82513c4a3da2eC80dD36A8448F,18,SATA
0x3E362283B86C1b45097CC3FB02213b79CF6211Df,9,CATCOIN
0x37407af0fD406a96Db9D8293261D24E7bfB25fb7,9,CATCOIN
0x82197d7446a435105d6F3a430D72a6713960E34D,18,ROND
0x84cA8bc7997272c7CfB4D0Cd3D55cd942B3c9419,18,DIA
0x410A7bf502414B2f0cAAd204de5782077AC6478F,18,DIA
0xBC6DA0FE9aD5f3b0d58160288917AA56653660E9,18,alUSD
0xF49818b5d7dE5B0DBfcCb3Ddcd14e1f0AA1A6f01,18,alUSD
0x471Ea49dd8E60E697f4cac262b5fafCc307506e4,10,xcRMRK
0x2EBfF165CB363002C5f9cBcfd6803957BA0B7208,18,GEIST
0xa283aA7CfBB27EF0cfBcb2493dD9F4330E0fd304,18,MM
0xe2D27f06F63d98b8e11b38b5b08A75D0c8dD62B9,18,MM
0xee9762352f63f4387af40D58291612067727457D,6,USDT
0xfB7B4564402E5500dB5bB6d63Ae671302777C75a,18,DEXT
0x47736CCbaB8117D09540E4e56Db4089A328ff7a1,18,DEXT
0x0AAbCC65Ef352AD84b1326dF188c95b6Ab856c1C,8,SFT
0x6574e2c013171Cd50A6d34e588906047A0d12F2c,8,SFT
0xd98F75b1A3261dab9eEd4956c93F33749027a964,2,SHR
0xc5C71CD0b734Dae8c6eBa9D79C3Db693d112DDA1,2,SHR
0x9fB83c0635De2E815fd1c21b3a292277540C2e8d,18,FEVR
0x97a9bac06f90940bCe9CAeC2b880ff17707519e4,18,MNTO
0xb0FdcdD7E920A036331Abe9FFC7313322C0abba0,18,MNTO
0xA31B1767e09f842ECFd4bc471Fe44F830E3891AA,18,ROOBEE
0x5Cb4B462cA075558eF0343db6b55F590e47482E4,18,ROOBEE
0xe7c9C6bc87B86f9E5b57072F907EE6460B593924,18,ANI
0x06ebc9c542357e2129D16717CD02c02FBC835d33,18,CAGE
0x6CD6CB131764c704bA9167C29930Fbdc38901aB7,18,POLAR
0x0C10bF8FcB7Bf5412187A595ab97a3609160b5c6,18,USDD
0xcf799767d366d789e8B446981C2D578E241fa25c,18,USDD
0xb2cABf797bc907B049e4cCB5b84d13be3a8CFC21,18,ACRE
0xeA928a8d09E11c66e074fBf2f6804E19821F438D,6,USDC
0x47BE779De87de6580d0548cde80710a93c502405,18,xRNBW
0xD10e226F85DFb53Aa2f9F3D297e521E1eE4F1Bf7,18,xRNBW
0x2b95A1Dcc3D405535f9ed33c219ab38E8d7e0884,18,aCRV
0x85009bcA4cd4C8F554c3C9a1c2f778Ec3Ce7fEb1,18,aCRV
0x8C77057C3343B7DCC97CA21dA274730396162a98,18,GHC
0xDf49C9f599A0A9049D97CFF34D0C30E468987389,18,SATT
0x702D161Ed480e4a367a5810a6086074B791cf6A0,18,SATT
0x18a1Ea69A50A85752b7bC204a2c45A95Ce6E429d,18,SPICE
0x41471fbf66dafB95b682AfAF1426bEe11F25e10a,18,SPICE
0x0100546F2cD4C9D97f798fFC9755E47865FF7Ee6,18,alETH
0xe2f28d24A2c6a69de859DFdEFE347c9b25ad6aA2,18,alETH
0x8D1E50BC4f5399F6012fd24a768a67F30630330a,19,SAFU
0x45fDb1b92a649fb6A64Ef1511D3Ba5Bf60044838,18,USDS
0xfEdADCE4361658AD34410F02De20aF217B0A9048,18,USDS
0x2AC03BF434db503f6f5F85C3954773731Fc3F056,18,WETH
0xba100000625a3754423978a60c9317c58a424e3D,18,BAL
0xcb9d0b8CfD8371143ba5A794c7218D4766c493e2,18,BAL
0x6399C842dD2bE3dE30BF99Bc7D1bBF6Fa3650E70,18,PREMIA
0x4b27Cd6E6a5E83d236eAD376D256Fe2F9e9f0d2E,18,PREMIA
0x1A3496C18d558bd9C6C8f609E1B129f67AB08163,18,DEP
0xAFAace7138ab3c2BCb2DB4264F8312e1Bbb80653,18,DEP
0xfDECfC325B584A96E86caBD2eb492320467ed1d8,18,mooCurveAm3CRV
0xCe3B0d4E4E4285E55C0BfB294112Caf19682EB8A,18,mooBooUSDC-MAI
0x6834a32aFFdd9002Ce828418dDA365496F68A92A,18,mooMaiUSDC-miMATIC
0x783fbEDf704E45a4ed0D7e3AE85BE8C376eCba1C,18,mooCurveG3CRV
0x7FaAbDA3De9be051f97bEABA3d539666933b2fA8,18,mooMaiMAI-av3CRV
0x8239A6b877804206C7799028232A7188DA487CeC,18,USDT
0x3fB256CFefedb6A54De7465c0EE86dC574AE464D,18,USDC
0x15b7c0c907e4C6b9AdaAaabC300C08991D6CEA05,18,GEL
0xe7F04E0FBdE4b16FEb4a67747133F251E4DBcCd7,18,GEL
0xFaFA220145DfA5C3Ec85B6FA8a75aEE2451CDe5E,18,BUSD
0xF9C2B386FF5Df088AC717ab0010587bad3bC1ab1,18,iUSDS
0x83102Ec9B8A4DbF2E6aA41f6E7C8B5863B800681,18,iUSDS
0x32a7C02e79c4ea1008dD6564b35F131428673c41,18,CRU
0x82f0B8B456c1A451378467398982d4834b6829c1,18,CRU
0xC86817249634ac209bc73fCa1712bBd75E37407d,18,1-UP
0x976cDc77E43667747E35C82A9477111259d0c6f0,18,1-UP
0x7Cfea0DD176651E7B5a1CeD9c4fAf8Ee295315FD,18,PRNT
0x27BeF51F483A3D41E7A816Dae22B47E249dB5650,18,PRNT
0x4f640F2529ee0cF119A2881485845FA8e61A782A,18,ORE
0xef5cE7411B389e004A73B37ACfC51A8218322a6c,18,ORE
0x5f018e73C185aB23647c82bD039e762813877f0e,18,SHACK
0x8497842420cFdbc97896C2353D75d89Fc8D5Be5D,18,SHACK
0xc629d02732EE932db1fa83E1fcF93aE34aBFc96B,18,FITFI
0x44709a920fCcF795fbC57BAA433cc3dd53C44DbE,18,RADAR
0x49a0400587A7F65072c87c4910449fDcC5c47242,18,RADAR
0x67C5870b4A41D4Ebef24d2456547A03F1f3e094B,2,G$
0xD17652350Cfd2A37bA2f947C910987a3B1A1c60d,2,G$
0xcFD5868fbF612bd8907827f012d71f3C7BA6C943,8,WBTC
0x4eE438be38F8682ABB089F2BFeA48851C5E71EAF,18,YAE
0x419fa2e21092D834e3b02bD0802DEE329c84268A,18,YAE
0x5a75A093747b72a0e14056352751eDF03518031d,18,ESW
0x7FC5670B2041d34414B0b2178Fc660b1E1faF801,18,ESW
0xC19B6A4Ac7C7Cc24459F08984Bbd09664af17bD1,0,SENSO
0xfCB7388EEf472293290B15027642702EBf57250A,0,SENSO
0x8642A849D0dcb7a15a974794668ADcfbe4794B56,18,PROS
0x1B4EaD1f89Eebef694eFa6F9B95D61A429C05BDB,18,PROS
0xB4F74994FCBd60E1bC3603b9a33069eA1b32d4A4,18,OGUC
0xBAf8E9CA8693036BBD1e5B81b82F2359739eE5A6,18,OGUC
0x7d226bff737C5855254C307523afB3c464C5680b,18,PBL
0x6Aa40C573dEf21abD6Fb30a5Fb53749325bC5D65,18,SERENE
0x92804831aC036Ca77D57Db8BBA0E522Cd35a8049,18,DAI
0x420412E765BFa6d85aaaC94b4f7b708C89be2e2B,4,BRZ
0x5a4fb10e7C4Cbb9a2b9d9A942f9a875EbD3489ea,4,BRZ
0x77609d4F3ae31382389374101Aca6108D95b093A,18,BETS
0x2c69095d81305F1e3c6ed372336D407231624CEa,18,WEMIX
0x05eC81610aB47A094502bAC0D7eC256f06a1c6f8,18,FS
0x97Bbbc5d96875fB78D2F14b7FF8d7a3a74106F17,18,ASTRAFER
0xc17fbe1d709dDf6C0B6665Dd0591046815AC7554,18,POL
0x5f1C76b7a90D88EE5BADa971a28AAEF514719dBF,18,POL
0xde16Ce60804a881e9F8c4eBB3824646EDecd478D,9,MCRT
0x231CC03E6d8b7368eC2aBfAfb5f73D216c8af980,18,HELIX
0x152c0f9c32C393961e9803a9467B2194E1c00b21,18,HELIX
0xEB4c3961f9c06307aF0e6Bc195204352bD3DbfC6,18,mooCurveFsUSD
0x58A4E4F9F0BD1BFc2fe287493a130649F349255a,18,mooVelodromeMAI-USDC
0xA4b6573c9AE09d81e4D1360e6402B81F52557098,18,USDT
0x636Db84815d6A5af9202CBb44DAd7fd672F178e1,18,mooQiMai3Pool
0x7683F14614A1F68Ea71474680e80b9bD93Db74D1,18,MEMELON
0x865377367054516e17014CcdED1e7d814EDC9ce4,18,DOLA
0x4A24b7269459017C999ABABA32962b3CDb436250,18,DOLA
0x53884b61963351C283118a8E1Fc05BA464a11959,18,MNS
0x31dF3cfc1113b0AFA2120887DB216948c36Eb77C,18,MNS
0x772722B55cdC2A086aBd064267a17855Eb15e8b3,18,MINTME
0x8D6CeBD76f18E1558D4DB88138e2DeFB3909fAD6,18,MAI
0x4B641f607570B9053035780615f5b56a91F38F90,18,MAI
0xdB0eE671B52a866DF968EE0913E906BfB743A6d5,18,$ROVR
0x7B4328c127B85369D9f82ca0503B000D09CF9180,18,DC
0x8CC0F052fff7eaD7f2EdCCcaC895502E884a8a71,18,ARTH
0xEDE1B2f557942c9132c0eA1b7f20A63f711982D4,18,ARTH
0xfAd45E47083e4607302aa43c65fB3106F1cd7607,9,HOGE
0x9b2f9F348425b1eF54c232F87eE7d4D570c1b552,9,HOGE
0x57b59f981730c6257dF57cF6F0D98283749A9Eeb,18,BUILD
0x6562E5791Da22950c959b8C2febCFbcA15AE520c,18,BUILD
0x346D2664FaFa7F1723074BF3d0b903a059B42Af1,18,DPC
0x893700A1a86EE68B92536bf6fd4d3200d7369F7d,18,EMT
0xA753eFA27EFd65A456295078eD606306c52c2EbF,18,EMT
0x7659CE147D0e714454073a5dd7003544234b6Aa0,18,XCAD
0x1fF9b7Dc66BB8CC7819E875B6739409B3A42111b,18,XCAD
0xa52bfFAD02B1FE3f86A543a4e81962d3B3bB01A7,18,DUCKER
0xa0EDa2D19211D108772711A3698C69f79673aEC8,18,DUCKER
0xa5342D72D04c133180f376753f90a4B2eEe29bB3,18,ATL
0x5d30aD9C6374Bf925D0A75454fa327AACf778492,18,PERI
0x9ea48018587fdf4B5857940171d3D32465B0B761,18,PERI
0x573d2505a7ee69D136A8667b4Cd915f039AC54e5,18,XIM
0xbB29D2A58d880Af8AA5859e30470134dEAf84F2B,18,XIM
0xB4f89D6a8C113b4232485568e542e646D93cFAB1,0,WETH
0x183C9E9C8A787269024a20f2E3788764CD458f72,0,WETH
0x4195300C824407D671b9A6A58De8ab19433eCA3C,0,WETH
0xB5C827FDbbee6f6E9df3A5cB499aEDf5927DE1B8,0,WETH
0x0aa1a18504a10c1C09732E5859ee2bD1892ac762,0,WETH
0xB467613d657eDb3d3e926aeba0F17386976A9C1f,0,WETH
0xc65d2f76c6cC9Fde1CEEa5D47d5753b889e22412,0,WETH
0x85a8df6564517CD0a8501587dB0Cc74850F191d6,0,WETH
0xA648904b6e812E2d847B87878a9a3f1d74e5AF50,0,WETH
0xca0bc229e2216A6ba6eF0278351ed6aa2303Ddf6,0,WETH
0xa10d8a7caE8Dae8019Daa64095f309716264EbcA,0,WETH
0x4cb7a6Dec613F4aF9F618CFF56354F76115a8023,0,WETH
0x54bBAa521fa27065E3067B431Ce9563DbAf8733B,0,WETH
0xA8d0352634D3dEC194e48b9878634487a837df0f,0,WETH
0x16c102F12468670c8D2bb03EA6d781CB3394C09E,0,WETH
0x123AEAFD4Ce574bE7D417ACa0e5cB3122f3E1149,0,WETH
0xc2ea516Ed97778AFA2331be021754735796865e8,0,WETH
0x04aE3226C80E8C04D35E6e56089345BdD06DA6DE,0,WETH
0x620E59769085F69d2712a53Aa0436821218e1068,0,WETH
0xe57bcDeB786E163B5E10f0b5Ca7B59c8764d1080,0,WETH
0xdC9524a8774DC2956Bdb8b55Fdf91938757F3185,0,WETH
0x1469fd8B056E098d9035D3c7C9109E22a1F4ca86,0,WETH
0x36ce6DeD1378C83bcb6EfE844550af94b90a1979,0,WETH
0x9492b0AB0571b2C785C2dAD4b3a272dBA39d6e61,0,WETH
0x93f9A668dcCc090F63B0ec27D809527dC2f0eBBa,0,WETH
0xC9D7CC5D224119C6A563a2Aa2c5a49ebC97444D7,0,WETH
0x302434cc94A5ADA01EE23375ff8c61F42F1daBB1,0,WETH
0x5bC2228dc7Be251cA5D6068e01fc6d4e7Ca3D3a1,0,WETH
0x0E95B13539D0381AB20B4E2893E926Fc99b3d8Dc,18,TNODE
0x1e1085eFaA63EDFE74aaD7C05a28EAE4ef917C3F,18,TNODE
0x9d11FBc78BA0d95eEbA144870d8B633489ab3dE1,0,WETH
0xA288507D3cae42ADf3Bef755C37B8605a9F62f25,0,WETH
0xF8eFcB7A1362B3D8c25eAb248a16000702E9A4F5,0,WETH
0xEE9C40F27687a6C5De027B102CAA31e2FF7a8956,0,WETH
0xf3Db5Fa2C66B7aF3Eb0C0b782510816cbe4813b8,4,EVX
0x95dD59343a893637BE1c3228060EE6afBf6F0730,4,EVX
0xa350DA05405cc204e551C4eeD19C3039646528d5,18,BSPT
0xE84CEA9df2D6a6010C0Bd74b803F6372534e75e9,18,BSPT
0xa1c44871Dc68D7071B099e1DDb4612728791Ff62,0,WETH
0xEeF452AdCc4e364639B3cFD15FF36929A5b400B3,0,WETH
0xe575Eb10da5c96d76734735D52da4B5cb34512eB,0,WETH
0x66E38F5968a8A52Bc1B00fb083Bc2288A4A47B9A,18,BTE
0xF9d8e1e44e229E81CE8D1A628997aD7D9a565ACA,18,BTE
0x1CCAA0F2a7210d76E1fDec740d5F323E2E1b1672,18,FACE
0x2d72A97a31Dc920dB03330780d30074626e39C8A,18,FACE
0x6CD13E1856286dE773a435C8Ba93A7C73A04F82d,18,MIDA
0x76FBa02e148cab052f86dc1d8f4b10e64EfC7046,18,MIDA
0xE9cB6838902CCF711f16a9EA5A1170F8e9853C02,18,STRIP
0x76ce14947f74A2664700e68452fe9166174AF9Ab,18,STRIP
0x035dF12E0F3ac6671126525f1015E47D79dFEDDF,18,0xMR
0x08111ECEe4eB8D766aBDF6dCBFCa81949c0B0891,18,0xMR
0x332E824e46FcEeB9E59ba9491B80d3e6d42B0B59,18,CHEESE
0xdFb5A6b5136186f4fFcf3FE055B48F27793CdBD2,18,CHEESE
0xc36b4311B21Fc0c2eAd46f1eA6ce97c9C4D98D3d,18,CRE8
0x14D3E0FfbD62c9618C73ebB6F9c1CBCD23B6AbE1,18,CRE8
0x22B48E1f20043D1Db5F2a11CbF1d520A4F20b198,18,XOT
0xCC081220542a60A8Ea7963C4F53D522b503272c1,18,XOT
0xC4398e483B178AC559b4fe665c6BCE70A179f80F,18,VINCI
0xA1388e73c51B37383B1Ab9dCe8317eF5A0349CC5,18,VINCI
0x8a1E3248406027a5A0901C7B8F61591e74578df6,0,WETH
0x16ba8Efe847EBDFef99d399902ec29397D403C30,18,OH
0x413fbFDCE9B5AfB65B6147FBBc970148b79e706A,18,OH
0x13C2fab6354d3790D8ece4f0f1a3280b4A25aD96,18,PHI
0xfc5C0e5d0BA6386fbb7d921E5073FD04082a5b49,18,PHI
0xAaE3Cf9968D26925BDb73cE3864e0084a20f4687,18,FAR
0xeD3516AA436B630b50960A3D19bA7a2e46D0E368,18,FAR
0xe0cCa86B254005889aC3a81e737f56a14f4A38F5,18,ALTA
0xE408849D21646a42fD5E36CC520b26e7cDd62370,18,ALTA
0x721A1B990699eE9D90b6327FaaD0A3E840aE8335,18,LOOT
0xD6Cce248263ea1e2b8cB765178C944Fc16Ed0727,18,LOOT
0xd1ba9BAC957322D6e8c07a160a3A8dA11A0d2867,18,HMT
0x06E2DDd17F1043c0a4Cbe72cc7c256E4d8a3E374,18,HMT
0x5f4c148D17Effd165C2e2d46b46d2BD6e3eBDC3e,18,RUN
0x3bd9856BF578910b55261d45d9148d61C177B092,18,RUN
0x1A690B706f320d6e8192e87D398d1220334dd3B8,0,WETH
0x4C2e59D098DF7b6cBaE0848d66DE2f8A4889b9C3,18,FODL
0x8CE3dfcAe03beb7D2CAb25a1E1434C3791f45DD8,18,FODL
0x967da4048cD07aB37855c090aAF366e4ce1b9F48,18,OCEAN
0xa65779AA9a29af831DA49c48899e7146934905C7,18,OCEAN
0xB2c1d397eC86Acb569CDab7889E66C3964fe43b6,18,DD
0xA87bDdA360932cF11AeCf1369e8f08889326814e,18,DD
0x7fC3eC3574d408F3b59CD88709baCb42575EBF2b,18,POP!
0x3E01B7E242D5AF8064cB9A8F9468aC0f8683617c,18,POP!
0x14a52cf6B4F68431bd5D9524E4fcD6F41ce4ADe9,18,SWAP
0xD83B3E97A8C54f0E7390c66257898dEc10176593,18,SWAP
0x09F098B155D561Fc9F7BcCc97038b7e3d20bAF74,18,ZOO
0x8c62c65D65176b9d45Ab180E23eB5DaCC2E599a4,18,ZOO
0x56de8BC61346321D4F2211e3aC3c0A7F00dB9b76,18,RENA
0xb8a239996690430436425e249dC569D13D4C7AAD,18,RENA
0x15D4c048F83bd7e37d49eA4C83a07267Ec4203dA,8,GALA
0xeBE58381406D2c9BC9F68f541D503bA4F1A29fDF,8,GALA
0xA849EaaE994fb86Afa73382e9Bd88c2B6b18Dc71,18,MVL
0x02a2b736F9150d36C0919F3aCEE8BA2A92FBBb40,18,MVL
0x74f8dbfe8A13babeB09C8949b47905cdA59102Dd,0,WETH
0xd26a9C3437f7D121098c8C05C7413F5Cc70BB070,18,AZUM
0xAD4612bD2096ec4E4abFA6F15D141a1dE7EB8488,18,AZUM
0xD9A8bB44968F35282F1b91c353f77a61BaF31A4B,18,GTPS
0x86A298581388bc199e61BFeCDcA8eA22Cf6C0Da3,18,GTPS
0x073b18Fc62FC4e42cDB0E9c3B5157d0D7138b169,0,WETH
0xc4BB7277A74678f053259CB1F96140347efbfd46,18,COC
0x7051faED0775f664a0286Af4F75ef5ed74e02754,18,CHANGE
0x827eD6FE802dB52970F0e36B709279E606e4F252,18,CHANGE
0xa1faa113cbE53436Df28FF0aEe54275c13B40975,18,ALPHA
0xB1d6bc439F5D3bFbD828Da3D0848b0F3658c9Dc6,18,ALPHA
0x92a42Db88Ed0F02c71D439e55962Ca7CAB0168b5,9,TRDG
0x0F65f65792d4B286b6f2Ff373eE1c1631f71C635,9,TRDG
0xD533a949740bb3306d119CC777fa900bA034cd52,18,CRV
0x0E1b539Eaf71d5D025f8ce90cA2256b4Cf3e94B1,18,CRV
0xD528cf2E081f72908e086F8800977df826B5a483,18,PBX
0xbA40c1589B8120D995e56427CF2Ca63bF6A38e7E,18,PBX
0x95b3497bBcCcc46a8F45F5Cf54b0878b39f8D96C,18,UNIDX
0x7a02492bAa66B0b8266a6d25Bbd6D8BA169296CC,18,UNIDX
0x1b308d8c92EE6b06faBAFE3c8ed21a9DbBE5FaCD,18,C4G3
0x063069F9bEAB2B01153C87622f6Ed8f693ed5215,18,C4G3
0x8788a7cfD63cF06d0d7716c6a66f54B58248c896,0,WETH
0x429881672B9AE42b8EbA0E26cD9C73711b891Ca5,18,PICKLE
0xA97588986830962f01e1778B752775d40322827f,18,PICKLE
0x0f51bb10119727a7e5eA3538074fb341F56B09Ad,18,DAO
0xDd98B79b36c77Ee1F23f37B61e58A61cc3D5aceF,18,DAO
0x808507121B80c02388fAd14726482e061B8da827,18,PENDLE
0x0f7Efb2e96B9681950f96D3D18ce0BF68d60fD7e,18,PENDLE
0xA87135285Ae208e22068AcDBFf64B11Ec73EAa5A,4,eLunr
0x496CD9b62B192e04811f38D97b88733f969AfD5d,4,eLunr
0x3496B523e5C00a4b4150D6721320CdDb234c3079,18,NUM
0xBCfBaD9c58049eefCA0F4C17130F560BBb41D444,18,NUM
0x6C6B87D44d239B3750bf9BAdce26a9a0A3d2364e,0,WETH
0xF460dd4F5da4804B3d42D903DC456Ca0c1B01e81,9,SHEEP
0xF9368B58E8Ec83Df544d53Ee411BDa884f7832C5,9,SHEEP
0x0316EB71485b0Ab14103307bf65a021042c6d380,18,WBTC
0xdF574c24545E5FfEcb9a659c229253D4111d87e1,8,HUSD
0xd2877702675e6cEb975b4A1dFf9fb7BAF4C91ea9,18,LUNA
0x50D1c9771902476076eCFc8B2A83Ad6b9355a4c9,18,FTX Token
0x1f9840a85d5aF5bf1D1762F925BDADdC4201F984,18,UNI
0x4bD70556ae3F8a6eC6C4080A0C327B24325438f3,18,HXRO
0x27702a26126e0B3702af63Ee09aC4d1A084EF628,18,ALEPH
0x05D3606d5c81EB9b7B18530995eC9B29da05FaBa,18,TOMOE
0x18aAA7115705e8be94bfFEBDE57Af9BFc265B998,18,AUDIO
0x476c5E26a75bd202a9683ffD34359C0CC15be0fF,6,SRM
0xCfa0885131F602D11D4DA248D2c65A62063567A9,18,TORG
0x2370f9d504c7a6E775bf6E14B3F12846b594cD53,18,JPYC
0xa47c8bf37f92aBed4A126BDA807A7b7498661acD,18,USTC
0x1c48f86ae57291F7686349F12601910BD8D470bb,18,USDK
0x41f7B8b9b897276b7AAE926a9016935280b44E97,6,USDC
0x1CDD2EaB61112697626F7b4bB0e23Da4FeBF7B7C,6,USDT
0xaa71E6f9E3392359d543564e089873D964dF380e,18,ETHS
0x6B4c7A5e3f0B99FCD83e9c089BDDD6c7FCe5c611,18,MM
0xe516D78d784C77D479977BE58905B3f2b1111126,18,SPWN
0x8185Bc4757572Da2a610f887561c32298f1A5748,18,ALN
0x380291A9A8593B39f123cF39cc1cc47463330b1F,18,ELT
0x03ab458634910AaD20eF5f1C8ee96F1D6ac54919,18,RAI
0x9Fda7cEeC4c18008096C2fE2B85F05dc300F94d0,18,GAJ
0x1f4e35D4380D91AF30eDca625C8d158019786299,6,0
0x887FE928645020db1eC4af4Aa922C2327F96F90f,6,0
0x7Fc66500c84A76Ad7e9c93437bFc5Ac33E2DDaE9,18,AAVE
0xD9c2D319Cd7e6177336b0a9c93c21cb48d84Fb54,18,HAPI
0x0D8775F648430679A709E98d2b0Cb6250d2887EF,18,BAT
0x6EC8a24CaBdc339A06a172F8223ea557055aDAa5,9,GNX
0xEBd9D99A3982d547C5Bb4DB7E3b1F9F14b67Eb83,18,ID
0xE814aeE960a85208C3dB542C53E7D4a6C8D5f60F,18,DAY
0x74cAc868f2254f1a6B7ca951f0D86eaC4a65C132,18,WETH
0x063323E90144bC40A900f111C339A31F292d080F,6,0
0xf51421C93BD9943f057CF5668a5FD6C7Ac3F66ae,9,0
0x1a57367C6194199e5D9aEa1cE027431682dfB411,18,MDF
0x03Be5C903c727Ee2C8C4e9bc0AcC860Cca4715e2,18,CAPS
0xD31a59c85aE9D8edEFeC411D448f90841571b89c,9,SOL
0xfEf87D8c2558a8866BA1b90d545Bfe2ec73744FC,6,0
0x5245C0249e5EEB2A0838266800471Fd32Adb1089,6,RAY
0x53BBE80F77ac24e5eA1B806D5e67Ed1e3f4B37FE,9,0
0x70401dFD142A16dC7031c56E862Fc88Cb9537Ce0,18,BIRD
0xF629cBd94d3791C9250152BD8dfBDF380E2a3B9c,18,ENJ
0xae7ab96520DE3A18E5e111B5EaAb095312D7fE84,18,stETH
0x7f39C581F595B53c5cb19bD0b3f8dA6c935E2Ca0,18,wstETH
0xf1f955016EcbCd7321c7266BccFB96c68ea5E49b,18,RLY
0x01e0E2e61f554eCAaeC0cC933E739Ad90f24a86d,18,GTON
0xA5Ef74068d04ba0809B7379dD76Af5Ce34Ab7C57,18,LUCHOW
0xd4c435F5B09F855C3317c8524Cb1F586E42795fa,18,CND
0x46cF9115277Eb4962eCfdd61546C733c21d8A376,6,0
0x9BE89D2a4cd102D8Fecc6BF9dA793be995C22541,8,WBTC
0xd084B83C305daFD76AE3E1b4E1F1fe2eCcCb3988,18,TVK
0x20AE0cA9D42e6Ffeb1188F341A7D63450452dEF6,18,CPR
0xfc05987bd2be489ACCF0f509E44B0145d68240f7,18,ESS
0xEB4C2781e4ebA804CE9a9803C67d0893436bB27D,8,WBTC
0x443B18444F43797DEd227279a51D2E5F688cb625,6,0
0x85Eee30c52B0b379b046Fb0F85F4f3Dc3009aFEC,18,KEEP
0xf1a91C7d44768070F711c68f33A7CA25c8D30268,18,C3
0xE74dC43867E0cbEB208F1a012fc60DcBbF0E3044,18,CWAP
0xaEF9c45caE96035C83199ca0F9976cbE2511096A,18,QTCONS
0x99fcA5214549Fc0fD5afDFab4a3fbC19FFE55c77,8,0
0xB8c77482e45F1F44dE1745F52C74426C631bDD52,18,BNB
0x418D75f65a02b3D53B2418FB8E1fe493759c7605,18,BNB
0x382f0160c24f5c515A19f155BAc14d479433A407,9,KLEE
0xE617dd80c621a5072bD8cBa65E9d76c07327004d,6,0
0xB83cC3A98c63454e2f0aef7aF8D67AADA0e9AD15,8,0
0x7cd167B101D2808Cfd2C45d17b2E7EA9F46b74B6,18,USDC
0x111111111117dC0aa78b770fA6A738034120C302,18,1INCH
0x8Ab7404063Ec4DBcfd4598215992DC3F8EC853d7,18,AKRO
0xaaAEBE6Fe48E54f431b0C390CfaF0b017d09D42d,4,CEL
0x2ba592F78dB6436527729929AAf6c908497cB200,18,CREAM
0xf8C3527CC04340b208C854E985240c02F7B7793f,18,FRONT
0xc944E90C64B2c07662A292be6244BDf05Cda44a7,18,GRT
0xB1f66997A5760428D3a87D68b90BfE0aE64121cC,18,LUA
0x08d967bb0134F2d07f7cfb6E246680c53927DD30,18,MATH
0xbC396689893D065F41bc2C6EcbeE5e0085233447,18,PERP
0x8762db106B2c2A0bccB3A80d1Ed41273552616E8,18,RSR
0x8CE9137d39326AD0cD6491fb5CC0CbA0e089b6A9,18,SXP
0x8564653879a18C560E7C0Ea0E084c516C62F5653,18,UBXT
0x45804880De22913dAFE09f4980848ECE6EcbAf78,18,PAXG
0x0bc529c00C6401aEF6D220BE8C6Ea1667F6Ad93e,18,YFI
0x87eDfFDe3E14c7a66c9b9724747a1C5696b742e6,18,SWAG
0xc00e94Cb662C3520282E6f5717214004A7f26888,18,COMP
0x95aD61b0a150d79219dCF64E1E6Cc01f0B64C4cE,18,SHIB
0xa693B19d2931d498c5B318dF961919BB4aee87a5,6,UST
0xE3ADAA4fb7c92AB833Ee08B3561D9c434aA2A3eE,6,0
0xbd31EA8212119f94A611FA969881CBa3EA06Fa3d,6,LUNA
0xB02eEDC9dacfCe55eA6aF9906d0e3aE4773B60ef,18,2CRZ
0xDe60aDfDdAAbaAAC3dAFa57B26AcC91Cb63728c4,18,USDT
0x727f064A78DC734D33eEc18d5370aef32Ffd46e4,18,ORION
0x3EF389f264e07fFF3106A3926F2a166d1393086F,9,SAO
0x221657776846890989a759BA2973e427DfF5C9bB,18,REPv2
0x3B654a81Ed23D93459cA52714FeF08393591fD81,18,DAI
0xb6ADB74efb5801160Ff749b1985Fd3bD5000e938,18,GZONE
0x5DbBB101CDc29443d12055eCDDdD7ca037Dce721,18,WETH
0xba6E3D4893bf9554F27d8fcD139ae1A8950D8045,18,DCXa
0x589891a198195061Cb8ad1a75357A3b7DbaDD7Bc,18,COS
0xaA8330FB2B4D5D07ABFE7A72262752a8505C6B37,18,POLC
0x8DF586aa346c3d9d1c99A21316A2735d71355eC8,18,WSB
0xf7413489c474ca4399eeE604716c72879Eea3615,18,APYS
0x249e38Ea4102D0cf8264d3701f1a0E39C4f2DC3B,18,UFO
0xD46bA6D942050d489DBd938a2C909A5d5039A161,9,AMPL
0x4730fB1463A6F1F44AEB45F6c5c422427f37F4D0,18,FOUR
0x4297394c20800E8a38A619A243E9BbE7681Ff24E,18,HOTCROSS
0x07cA256267128FBE1A79B74Fc7b0e6ed3359ad08,9,WWT
0x43Dfc4159D86F3A37A5A4B3D4580b888ad7d4DDd,18,DODO
0xa1d6Df714F91DeBF4e0802A542E13067f31b8262,18,RFOX
0xBBc2AE13b23d715c30720F079fcd9B4a74093505,18,ERN
0x65E6B60Ea01668634D68D0513Fe814679F925BaD,18,PIXEL
0xDB0170e2d0c1CC1b2E7a90313d9B9afA4f250289,18,ADAPAD
0x4562BEf338717993C781d546F64111648704Ae29,9,DONKEY
0xa8De3e3c934e2A1BB08B010104CcaBBD4D6293ab,18,UST
0xc4E15973E6fF2A35cC804c2CF9D2a1b817a8b40F,18,WBTC
0x383518188C0C6d7730D91b2c03a03C837814a899,9,OHM
0x485d17A6f1B8780392d53D64751824253011A260,8,TIME
0x761D38e5ddf6ccf6Cf7c55759d5210750B5D60F3,18,ELON
0x92D6C1e31e14520e676a687F0a93788B716BEff5,18,DYDX
0x0F5D2fB29fb7d3CFeE444a200298f468908cC942,18,MANA
0x3E9BC21C9b189C09dF3eF1B824798658d5011937,18,LINA
0xa2D76883edc2C51d407A4E15F0dEEcB216A31F60,18,ORION
0x3506424F91fD33084466F402d5D97f05F8e3b4AF,18,CHZ
0x77f92e2AdcB4265C9535B05908d9b343A65F2691,9,FINN
0xBEc73F3A59fbccaBbE23dcc503860c11801405A7,18,NFTL
0x32BA420bc0C32b6a954c75748E789F2a3Ff22862,6,0
0xBB0E17EF65F82Ab018d8EDd776e8DD940327B28b,18,AXS
0x2C537E5624e4af88A7ae4060C022609376C8D0EB,6,TRYB
0x5297f7c95cf98449655e55bfA29151FE2520A641,6,WWT
0x25e4579f028E2629ED15C70a378D82209CfB5E7d,9,DDS
0x6F59e0461Ae5E2799F1fB3847f05a63B16d0DbF8,18,ORCA
0x7355Efc63Ae731f584380a9838292c7046c1e433,18,WETH
0x32d222E1f6386B3dF7065d639870bE0ef76D3599,18,WETH
0x2604e9f68259e609e8744fB67Cc410D50Fc9AA0F,18,FISH
0x2b591e99afE9f32eAA6214f7B7629768c40Eeb39,8,HEX
0xdAF566020156297E2837fDfaA6Fbba929A29461E,18,SAFE
0x8a74BC8c372bC7f0E9cA3f6Ac0df51BE15aEC47A,18,PLSPAD
0xe7F72Bc0252cA7B16dBb72eEee1AfcDb2429F2DD,18,NFTL
0x4Ddc2D193948926D02f9B1fE9e1daa0718270ED5,8,cETH
0x26c8AFBBFE1EBaca03C2bB082E69D0476Bffe099,18,CELL
0xF94b5C5651c888d928439aB6514B93944eEE6F48,18,YLD
0xfA49a67D1e3C2F9A0e2cbC21F07a8430185D646e,8,AVINU
0x7697B462A7c4Ff5F8b55BDBC2F4076c2aF9cF51A,18,SARCO
0x3845badAde8e6dFF049820680d1F14bD3903a5d0,18,SAND
0xfa77331648B0C7c9b34fd678C2a972Ac76c8742e,18,CT-TEST
0xC18360217D8F7Ab5e7c516566761Ea12Ce7F9D72,18,ENS
0xba5BDe662c17e2aDFF1075610382B9B691296350,18,RARE
0x566957eF80F9fd5526CD2BEF8BE67035C0b81130,6,USDC
0x4dA34f8264CB33A5c9F17081B9EF5Ff6091116f4,18,ELFI
0x9024B09C1C6D33221F6AeA9571821a2062B88eEf,6,USDT
0x1b68E7b3A70C5C63A68da53e85452c3689307456,18,DAO
0x2ca108bfda688DAcAEcC7550FD2c83341f0a745b,18,AXS
0x3301Ee63Fb29F863f2333Bd4466acb46CD8323E6,18,AKITA
0x5ab6A4F46Ce182356B6FA2661Ed8ebcAFce995aD,18,SPRT
0x8DDf89728C13c697CE46bD821871F51a1137e2B8,18,PPR
0xDBdDf072d7aae7B9288e31A4eebe6C54e3a143b1,18,CRWNY
0x48ab01DE6f130a794C92C1Fa260750e805E3a48A,18,LEAF
0xE1c7E30C42C24582888C758984f6e382096786bd,8,XCUR
0x6149C26Cd2f7b5CCdb32029aF817123F6E37Df5B,18,LPOOL
0xE2311ae37502105b442bBef831E9b53c5d2e9B3b,18,BANANA
0x6DD4e4Aad29A40eDd6A409b9c1625186C9855b4D,8,GENE
0x11b8Cf8B970323C5118f8c79E3F90a11A8f431BE,9,wHAPI
0x09a3EcAFa817268f77BE1283176B946C4ff2E608,18,MIR
0x1796ae0b0fa4862485106a0de9b654eFE301D0b2,18,PMON
0x7c9f4C87d911613Fe9ca58b579f737911AAD2D43,18,MATIC
0x3Dd98C8A089dBCFF7e8FC8d4f532BD493501Ab7F,8,TOWN
0x83e6f1E41cdd28eAcEB20Cb649155049Fac3D5Aa,18,POLS
0xbbA35DaEf943795f20a9a1eaeF585b2147CAaf9F,6,USDT
0x69A95185ee2a045CDC4bCd1b1Df10710395e4e23,18,POOLZ
0x888888888889C00c67689029D7856AAC1065eC11,18,OPIUM
0x33D0568941C0C64ff7e0FB4fbA0B11BD37deEd9f,18,RAMP
0x7A58c0Be72BE218B41C608b7Fe7C5bB630736C71,18,PEOPLE
0x595832F8FC6BF59c85C527fEC3740A1b7a361269,6,POWR
0x72B886d09C117654aB7dA13A14d603001dE0B777,18,XDEFI
0x6425c6BE902d692AE2db752B3c268AFAdb099D3b,18,MWAT
0x5e71C154bc5488Db080747e9F7852f6B279a1EFC,18,JKT
0x21BfBDa47A0B4B5b1248c767Ee49F7caA9B23697,18,OVR
0xD567B5F02b9073aD3a982a099a23Bf019FF11d1c,5,GAME
0x298d492e8c1d909D3F63Bc4A36C66c64ACB3d695,18,PBR
0x41C37A4683d6a05adB31c39D71348A8403B13Ca9,18,CHN
0x5b52bfB8062Ce664D74bbCd4Cd6DC7Df53Fd7233,18,ZENIQ
0xF06CeDA97cd72b1d2341f4379aeE110b4D5c5010,9,0
0x36ed7baaD9a571B5dad55d096C0Ed902188D6d3c,18,IPAD
0x009178997aFf09A67D4cACcFeB897Fb79d036214,18,1SOL
0xfec0cF7fE078a500abf15F1284958F22049c2C7e,18,ART
0x72e364F2ABdC788b7E918bc238B21f109Cd634D7,18,MVI
0x362bc847A3a9637d3af6624EeC853618a43ed7D2,18,PRQ
0x3Ea8ea4237344C9931214796d9417Af1A1180770,18,FLX
0x260Df160D6554e6a05619f2E9188c119B3E35F1e,18,HLTH
0x3D98A1233602C2EFf44994e9B00b2Ad66A5E23D6,18,SAudio
0x93e32efaFd24973d45f363A76D73ccB9Edf59986,6,BTL
0xd373576a9e738F37Dc6882328358Ff69c4cAf4c6,18,ZAM
0xE1470Ea86D4a0BB1e6d7613daA6fDE82c8FBF772,18,WETH
0x510FD78B4514dd8DCb5C74a89d89079BA62eff7c,18,CLX
0x7B4B0B9b024109D182dCF3831222fbdA81369423,18,BUSD
0x41e5560054824eA6B0732E656E3Ad64E20e94E45,8,CVC
0x01F369bF2d5a62CE60B0a2E92143CD623BeCb0fB,8,0
0x62858686119135cc00C4A3102b436a0eB314D402,18,METAV
0x6De037ef9aD2725EB40118Bb1702EBb27e4Aeb24,18,RNDR
0x949D48EcA67b17269629c7194F4b727d4Ef9E5d6,18,MC
0x63ef5bBeBFe823E243487d94065b7d0356830aC6,6,0
0xC764DB73781750DCCF96e73A7349D3a72f2cB9Ee,8,WBTC
0x6C7B97c7e09E790D161769a52F155125FAc6d5A1,18,ANGEL
0x31429d1856aD1377A8A0079410B297e1a9e214c2,18,ANGLE
0xCC8Fa225D80b9c7D42F96e9570156c65D6cAAa25,0,SLP
0x834Aa7A8DAb83672609aFa51B4FE6Aa55114E424,8,SLOPPS
0x8b6c3b7C01D9dB4393f9aa734750F36df1543E9A,18,VI
0x92bF969865c80EDa082FD5D8b4E28da4d58e1C3a,18,LUNA
0xa0f5505dC06eBE8Ee8CbdC2059eaDE0b9F35cbC2,18,Bxmi
0xbc8854C8664489F8fCfF3E46ABCce85d0AD362E4,9,0
0x6e6f9920FC435088EE056573F3eE1A7A81f0f6e7,9,WETH
0x04969cD041C0cafB6AC462Bd65B536A5bDB3A670,18,wOMI
0xe28b3B32B6c345A34Ff64674606124Dd5Aceca30,18,INJ
0xE8078B5198E572Be8D8D412511d48b7D0f5E9a1c,18,TOON
0x42bBFa2e77757C645eeaAd1655E0911a7553Efbc,18,BOBA
0x85f138bfEE4ef8e540890CFb48F620571d67Eda3,18,WAVAX
0xe3818504c1B32bF1557b16C238B2E01Fd3149C17,18,PLR
0x1494CA1F11D487c2bBe4543E90080AeBa4BA3C2b,18,DPI
0x9506d37f70eB4C3d79C398d326C871aBBf10521d,18,MLT
0x3b484b82567a09e2588A13D54D032153f0c0aEe0,18,SOS
0xeF2e239b21A81719abAabC6239e2e90859B44D9B,18,TTX
0x60F6aBeF41CbA4bd8701CA98c0D565288D491E8d,18,QUID
0xe4B229BB06792fd94be9c23b4a0323aa124743d3,18,LS
0xA70cF3801741F01e8Bad0491c5C6Bb1a60aCA264,9,SARS
0x4740735AA98Dc8aa232BD049f8F0210458E7fCa3,18,RDT
0x00c2CBdB5aCb3BB80d1b3A6c293f149b889FE96c,18,TST
0x582814738422459483d576E0b4072ca51d0b0dca,18,MATIC
0x69fa0feE221AD11012BAb0FdB45d444D3D2Ce71c,18,XRUNE
0x39EbF69137D98FB7659Ef8D4ea21ec26394389d7,6,USDC
0x0c572544a4Ee47904d54aaA6A970AF96B6f00E1b,18,WAS
0xD69F306549e9d96f183B1AecA30B8f4353c2ECC3,18,MCHC
0xC4C2614E694cF534D407Ee49F8E44D125E4681c4,18,CHAIN
0xAaEf88cEa01475125522e117BFe45cF32044E238,18,GF
0x102e941B77Bcaa7e35D368CaFE51eF8F79c8d1Ef,18,LIZ
0x844C0Eb8844D4D703B79A08A0Bad6E78003b5C5E,18,WROSE
0xb9F747162AB1E95d07361f9048BcDF6eDdA9eEA7,8,0
0xb8d4EECf46E52557A72636c2c356104bfc084aE0,6,USDT
0xD417144312DbF50465b1C641d016962017Ef6240,18,CQT
0xE46F290Cd59195a83e757891430d8D517d16b334,18,AFN
0xABe580E7ee158dA464b51ee1a83Ac0289622e6be,18,XFT
0x84338421bed3d273B8A23f25a7F1DB50f1d63eE5,9,CCF
0x5A114487131513637aCcF739CC7aD78EA9FAbc34,9,0
0x51FE2E572e97BFEB1D719809d743Ec2675924EDc,18,VPAD
0xAB11fC1B324B44FEFb9E231c064395827C0ac7f5,9,0
0xb6225104d9434CC148570cDDEEf19B2e46dA350D,18,AMY
0x7E759e9c25be98C7B33C5FE61f42870b2B6f92e7,18,BTCD
0x54EFda7fae8316c210cbD1BD85f8cb87bdBDA461,18,CROP
0xA1061739696DfD736968b9351617D46255b9b311,18,RACA
0xfF20817765cB7f73d4bde2e66e067E58D11095C2,18,AMP
0x6e9730EcFfBed43fD876A264C982e254ef05a0DE,18,NORD
0xF693B70645Ce1b93A8d083650C5d6E3f4eD80516,9,THUNDER
0x64605BbDd7295ddec0A6daA18f50D6F003732106,18,JCR
0x26B80FBfC01b71495f477d5237071242e0d959d7,18,wROSE
0xeEAA40B28A2d1b0B08f6f97bB1DD4B75316c6107,18,GOVI
0xA67d5cc68433895B17BabF73Dadf9A2da2Fe59ff,9,BIRDS
0x707F9118e33A9B8998beA41dd0d46f38bb963FC8,18,WETH
0xe5a2363904D91c6a311a378537b29C7c6d4F230d,18,PSY
0x4a5B3D0004454988C50e8dE1bCFC921EE995ADe3,18,wXEQ
0xf5EA35fA36BD111adc3B81eEF82259d35D88D305,18,WHachiko
0xb5f278Ee11811eFEC0692EC61b1e9f9984f2de11,3,EMIT
0x6309228569AC2E2D271b863B035376F87803a184,18,TOSA
0x5B2BC12576C25cF8178498a7E74597E74d6EcC92,5,KIN
0xcB84d72e61e383767C4DFEb2d8ff7f4FB89abc6e,18,VEGA
0xDe5eA375FFBDc8b25a80fe13D631E8Ba0AB4BB02,18,GERA
0x33EDBd114a9d46e78F4827a709C5c93D25CB6a7A,18,MCO2
0x4cfbcc09B488b0b16A9a8f49919b83219276dEd9,18,SNY
0xc3761EB917CD790B30dAD99f6Cc5b4Ff93C4F9eA,18,ERC20
0x309627af60F0926daa6041B8279484312f2bf060,18,USDB
0x1F573D6Fb3F13d689FF844B4cE37794d79a7FF1C,18,BNT
0xa00a4d5786a6E955e9539d01D78Bf68f3271C050,18,QTCON
0x126CB78939F5a1401b427e915C0D09E396A07a33,6,WETH
0x577Cc8560636Bf585E1bb1bb2E281ceDd4Cd84eA,18,QTX
0x2eFe08BbbfD80D5Af614Dd74AACce6541dABcCb4,18,ADT
0x1D06c83D0b64d97d2D1457935E6cef75Ebcd9d84,6,UST
0xFE3ead58F151F0C15c4fB30b15e941cbFec0CA63,18,zLINK
0x0ab87046fBb341D058F17CBC4c1133F25a20a52f,18,gOHM
0x9B83f827928aBdf18cF1F7e67053572b9bceff3a,18,ARTEM
0x120cBc99bb2a713872C6B8d06306Ddb79c55E96f,18,ECAT
0xd49EFA7BC0D339D74f487959C573d518BA3F8437,18,COLI
0x3D8bAbf3Afd0e1bfC843F9638f650fA50ae6C22B,6,USDT
0xC57a51780f7c1aF20212BB9F8707152039F9630d,18,FREEDOM
0x6a8c1211d36Be23d326A6B0BC4E29B482595D0a3,18,PACHA
0xD85a87Edbe9fB3Baf6a1Bbd1E46f1C04B291331d,18,WETH
0x70e8dE73cE538DA2bEEd35d14187F6959a8ecA96,6,XSGD
0xEF19F4E48830093Ce5bC8b3Ff7f903A0AE3E9Fa1,18,BOTX
0x1640BD2898Eee4C36F369836a067deA8725ac0Cc,8,DFO
0x3155BA85D5F96b2d030a4966AF206230e46849cb,18,RUNE
0x4674672BcDdDA2ea5300F5207E1158185c944bc0,18,GXT
0xAE1eaAE3F627AAca434127644371b67B18444051,8,YOP
0x77Fb865EfFB6DC7bC03e19489e137cCC89Da084A,18,7MT
0xECAEf2AB2A29D8acc29c8985b4113D4F3e1757E0,18,DYME
0x2E95Cea14dd384429EB3c4331B776c4CFBB6FCD9,18,THN
0xFF0a024B66739357c4ED231fB3DBC0c8C22749F5,8,BWRX
0xC146B7CdBaff065090077151d391f4c96Aa09e0C,9,MCC
0x2A8e1E676Ec238d8A992307B495b45B3fEAa5e86,18,OUSD
0x1045F5cCb01DAEA4f8eaB055F5FcBB7C0E7c89F0,18,DFIAT
0x228A76684CD857F7D119450A7DB74C5bca832f44,18,GMT
0xdDF7Fd345D54ff4B40079579d4C4670415DbfD0A,18,SG
0x965697b4ef02F0DE01384D0d4F9F782B1670c163,6,OXY
0xc6A20bEE7344D55EC5bF94D7E0cD5d1757a4bc02,18,APEDOG
0x2b5d9BC884F3B74b45ed99a6f9866689a3384681,18,FOMO
0xC30AE4950724b87011ae8c5E15b54C8F3F4406b8,9,sRLY
0xeD35af169aF46a02eE13b9d79Eb57d6D68C1749e,18,OMI
0x3B7eACF9A3fd0157E1f0D14307DeE321ef6D2C36,18,1INCH
0x8A9C67fee641579dEbA04928c4BC45F66e26343A,18,JRT
0x30D20208d987713f46DFD34EF128Bb16C404D10f,18,SD
0xCD6Adc6b8Bd396E2D53cCD7D7257B4De55bE4fbe,18,CFL365
0x126c39D3261472c83d0eADFcdb2ec41587b3Efc5,18,LDO
0xE55C9A5Da032DFfd251BbA6400D04a0122B0DDe5,18,TEST1
0xA2cd3D43c775978A96BdBf12d733D5A1ED94fb18,18,XCN
0x4C6D7B5B1F5bc2e5F6315b50935ff815D2740E8b,8,HSBT
0xd7DCd9B99787C619b4D57979521258D1A7267ad7,18,EVRY
0xdBdb4d16EdA451D0503b854CF79D55697F90c8DF,18,ALCX
0x20d60c6eb195868d4643f2c9B0809e4De6Cc003d,6,PLY
0x84e89be2b44a03A9f3Cc00183035548bc9140d6a,6,USDC
0x66666d237398F04554B7Ea8192076c02a3A66666,18,TW33T
0x7FF4169a6B5122b664c51c95727d87750eC07c84,18,10SET
0xaE6e307c3Fe9E922E5674DBD7F830Ed49c014c6B,18,CREDI
0x5Cb3B294eEdC910bA820C44Afc3Ee98Db471c59a,18,FNC
0x69f6d4D4813F8e2e618DAE7572e04b6D5329E207,18,eDOC
0xBBa39Fd2935d5769116ce38d46a71bde9cf03099,18,CHO
0xb3Bd49E28f8F832b8d1E246106991e546c323502,18,GMT
0x3CcFDeA1438bd590E74E0C2353b7DFeFA8419EA5,18,SPELL
0xFe81232e1C2475782085b094D6Aa212ddFEb6560,9,AURY
0xAAcf3C834396F2D9A18BE2b3c2cD35Af6ae1d415,18,SUSHI
0x967156a43421732d351C05F4908dB79b2Ad1B82A,6,UST
0xBbEA1Aa2741aA53D0C7eF038C4134dC812297D83,18,SXP
0x725C263e32c72dDC3A19bEa12C5a0479a81eE688,18,BMI
0x3F0cc41De057458591e1C753F5bc162c982cbd00,18,DAI
0xe831F96A7a1DcE1aa2EB760b1e296c6A74CaA9d5,8,NEXM
0x7Ddc52c4De30e94Be3A6A0A2b259b2850f421989,18,GMT
0xfB5c6815cA3AC72Ce9F5006869AE67f18bF77006,18,PSTAKE
0x21cA39943E91d704678F5D00b6616650F066fD63,18,mTSLA
0xAF6229791cA19006628637B572E9f64dBbF84Fcd,18,OLY
0x081131434f93063751813C619Ecca9C4dC7862a3,6,DAR
0x5C84bc60a796534bfeC3439Af0E6dB616A966335,18,Bone
0x3593D125a4f7849a1B059E64F4517A86Dd60c95d,18,OM
0xa4201960252eE89cbf580d40E8749B0ebA546adF,6,XRUNE
0x83e293589BDC7202FC5C465c70b25Cb6bb1F03f2,18,stkBMIV2
0x528341f81898d3c4d0cE6d0068bD2D5A7f7B726A,18,RAIDER
0x1cF4592ebfFd730c7dc92c1bdFFDfc3B9EfCf29a,18,WAVES
0x8D8Da40e586fea0d69DcF2BE3c5fA21B6e453662,12,ZIL
0x0F02e27745e3b6e9e1310d19469e2b5D7B5eC99A,8,PCL
0xbFe6c07842f8788c681EE2B37ee588dE1779fdA1,18,SUPER
0x70C2205e49AB98a7CFD0859ddF431e9F19a0f7D6,18,WETH
0x4cD2690d86284e044cb63E60F1EB218a825a7e92,18,WFTM
0x0E9462EcA71305a13f05D8943a3BFE04bEFF1932,18,HOLY
0x82081822932CF22E39d2fBeC8047fEb6117CD2F6,18,SCLM
0x630d98424eFe0Ea27fB1b3Ab7741907DFFEaAd78,8,PEAK
0xcB8fb2438A805664cD8c3e640b85AC473DA5BE87,18,CTI
0x58b6A8A3302369DAEc383334672404Ee733aB239,18,LPT
0x1D89Eb54CcaAD24C6df8F3b1EeeA7afBf3492cDC,8,WBTC
0xF2693037734029e56F7a0782e569DeEfD98aDFB0,8,ABG
0x87923D592f8fE5516d34237FC0927759a7760A4f,18,TUSD
0x831dEf3B716dFcb890eFF5ceCE62c5B9739C3df4,8,xSD
0x446E028F972306B5a2C36E81D3d088Af260132B3,6,pATOM
0x44017598f2AF1bD733F9D87b5017b4E7c1B28DDE,6,pATOM
0x4C53113be4B669b018104461C5838D3aF814DbB5,18,SAND
0xAf5191B0De278C7286d6C7CC6ab6BB8A73bA2Cd6,18,STG
0xB8E2e2101eD11e9138803cd3e06e16dd19910647,2,ARDX
0x72B2095361926E72692DFd5986C5B0d2bc18bF1e,6,USDT
0xEa6425a03B4545C10b49c785Df9EfbBbB68b7167,9,0
0x030bA81f1c18d280636F32af80b9AAd02Cf0854e,18,WETH
0x33f391F4c4fE802b70B77AE37670037A92114A7c,18,BURP
0xcA6f84973D171527c5019Ef74607fe8af00826E6,6,ANC
0xC6e05fE32584B6c9944896fd966761821fCeceF0,18,WETH
0x2FBfECcd2061827d320A48dA895A03bE1231767C,6,USDC
0x574d3A659ce3B63A1026b6aD3aae06284fC7BB6A,18,oneDODO
0x50384A3675593c07B84a19d2a7E60385D35003E8,18,ONX
0x04673B12a4B61C10e174d6e72b1a8e7393D345d3,6,BATOM
0xF17e65822b568B3903685a7c9F496CF7656Cc6C2,18,BICO
0x075dA7e9EFEA6813aB0B2680423df75150120d12,6,USDC
0xdaCE001B4B83CE39ACd9d3D1b559bB9245430bE3,18,Taki
0x0f2D719407FdBeFF09D87557AbB7232601FD9F29,18,SYN
0x9d8A797fAE0dA6b59f7d835eD48B1b83b3f1eeF8,18,APE
0x43985d6111c56EF31c2D94CFa555Ce527eA7E29e,18,CELR
0x0E3cC2c4FB9252d17d07C67135E48536071735D9,18,ARTH
0x08389495D7456E1951ddF7c3a1314A4bfb646d8B,18,CRPT
0xf60Ef5fb792d06FD6f28D49DD2e00BA0DD7aD201,8,WBTC
0xA0b73E1Ff0B80914AB6fe0444E65848C4C34450b,8,CRO
0x8b2f48720a389858F5E2c851895c66FCfE8b4c12,18,UST
0xc730d8256B8A1030eEA67f1Bc7ebed3898f7A535,18,XRP
0x7DDc0692c2a5B2686E40Dfb4F8bF96B5343c52f2,9,ANGEL
0x0F3ADC247E91c3c50bC08721355A41037E89Bc20,18,ANC
0xA37B24EB4613A4b40f703655F43b68912fE369D3,18,SPI
0x31DAB3430f3081dfF3Ccd80F17AD98583437B213,6,LUNA
0xB3c6cDB0a68a9dd3892408Fd4Fa4Bc4F0dB5EeEf,6,MIR
0x5b535EDfA75d7CB706044Da0171204E1c48D00e8,18,808TA
0x66C0DDEd8433c9EA86C8cf91237B14e10b4d70B7,18,Mars
0xC606BD6d2fFC450FEFfd6009F39515940D06b9E9,6,bATOM
0x22E65B5531CE8bbB98560A2D82f8650BDba1f202,6,T99
0x8ddfe8E5308984c57fE4d8c97bC1809eE70f5718,18,TLOS
0x2EC04464693e3d45D82a2d1fDb7D0E47A2Fd657B,18,MIR
0x872B8F3cBd342bd3C7711Fd27868a742dE5Cd81c,6,UST
0xEdb0414627E6f1e3F082DE65cD4F9C693D78CCA9,18,mTWTR
0x02376E49a514F0e538c473D20E9C2151E2804Dea,18,DAO
0x7162469321ae5880F077D250B626F3271b21b903,18,KSW
0x40d1F63B5D2048e67E9bEdB1B4c2F1A9fb4b6817,18,GOLD
0xEB295dEB933d2E928E93878Edf6f661Ef35437a1,18,IOTX
0xE8814e7E873758d9CB1bcA79c805d9A62984B802,9,0
0xd7c302fc3ac829C7E896a32c4Bd126f3e8Bd0a1f,18,B2M
0xd5766cC856B651e989529D0bF1AEfedBc78E6578,18,BNB
0xA21F8030ab31fe26A662c6B922D162049563F899,18,sAVAX
0x711072E43c0fDBD1b5F8FEF1506F006681eefA55,6,USDT
0x789a018A2c69dB6aba56aAd7f16d3dA84d8923C1,8,STNT
0x8EDAE8B7b73855Da8380693d270c9B6c160AC357,18,SOL
0xFbEEa1C75E4c4465CB2FCCc9c6d6afe984558E20,18,DDIM
0x25C2D3437EaaA5f517102eE73C6fF17d3664b906,18,NEWO
0xAAA7A10a8ee237ea61E8AC46C50A8Db8bCC1baaa,18,QANX
0xcbd55D4fFc43467142761A764763652b48b969ff,18,ASTRO
0x2B89bF8ba858cd2FCee1faDa378D5cd6936968Be,6,WSCRT
0x24EF1528595048531595c85557DA4908bba41De7,8,ABST
0x8A2279d4A90B6fe1C4B30fa660cC9f926797bAA2,6,CHR
0xeF18B835592a2Cb422D012F179dF6e9d73608f6d,18,WAL
0xDCd13da7D48820C2BdB866e31Fe085b56CcbCaF2,6,ULST
0xa41F142b6eb2b164f8164CAE0716892Ce02f311f,18,AVG
0xf3AE5d769e153Ef72b4e3591aC004E89F48107a1,18,DPR
0xDA9FDAb21bC4A5811134A6E0Ba6CA06624e67c07,18,QUIDD
0xA1F7C9c6d19e2D0BF20729CB0BF03338A90bEd9b,18,XUSDP
0xbFa7d8C3D13C8844eF98463A16E6e274F905653F,18,GGT
0xd9703731397Fb3D42EcBffa15C5B9857e2990Bb1,18,YFII
0x3ff17B85b77386d8dE77FB9532E6F5A49b66e114,18,WETH
0xcFEB09C3c5F0f78aD72166D55f9e6E9A60e96eEC,18,VEMP
0x5BC25f649fc4e26069dDF4cF4010F9f706c23831,18,DUSD
0x5fAa989Af96Af85384b8a938c2EdE4A7378D9875,18,GAL
0x67725FB3751c257920a88c543ba9b4BA8CfbfA5D,18,SMOKE
0x71e1b632F1dDC20F79dF1472F7a464779588A6D1,8,WBTC
0x72ffdE93EB16067474ad5E756a0667082441Cfed,6,LUNA
0xB754057f00b38D533402D5aB35ceE1E6B72722D7,6,USDC
0x965b85D4674F64422c4898C8F8083187f02B32C0,8,SFIL
0xc0a4Df35568F116C370E6a6A6022Ceb908eedDaC,6,UMEE
0x22c5543d1a35178cB03b33f929A959145E538532,18,WAL
0x5015B76461FE62a90CC041bA9d79671a9B419F1B,18,WETH
0x526aE5456832b3d9E7c97882Edb8e99a5664593e,6,USDT
0x59Fff6D21a0ee2fFEe89D6Ba0A67186E9D906Fcf,6,USDC
0x7BD5537094E9D5bE5f3d5Ce77b8089372BCe800a,18,DEGO
0xbf1D65af601DcFf5b804e02A75833fF51E3869B2,18,XMPT
0x8Bc2bCb1b1896291942C36F3Cca3C1afA0Aaa7fd,18,PACE
0xf6e06B54855eFf198a2d9A8686113665499a6134,18,Celt
0xc5102fE9359FD9a28f877a67E36B0F050d81a3CC,18,HOP
0xe1747a23C44f445062078e3C528c9F4c28C50a51,18,EHX
0x573765d4F365a1a2C7891883bc0C9c35C4c6fD16,8,DMV
0xAA2ce7Ae64066175E0B90497CE7d9c190c315DB4,18,Suter
0xBD100d061E120b2c67A24453CF6368E63f1Be056,18,iDYP
0xA486499266b872982Ca94Fdc7e045666C0C06112,5,FOXD
0x92d387dE422f644D395e26109A617091ebe51DC9,6,mVIXY
0x5f98805A4E8be255a32880FDeC7F6728C6568bA0,18,LUSD
0x43593e7659CDEeb3A45AbaB3095aC394E45fff29,6,0
0xAc86aD6A4Dc773c7f98a89712cF2989b67FdBA45,6,USDC
0x095cF7f3e82a1dcAdBF0FbC59023F419883eA296,18,POC
0x425F19Ea1A263d0208B7d032AC9b851bfC9389f9,10,CERE
0xFd09911130e6930Bf87F2B0554c44F400bD80D3e,18,ETHIX
0xFcc00C0CCdCA001539e0603309FA195749f84D4a,18,BRIDGE
0x43D4A3cd90ddD2F8f4f693170C9c8098163502ad,18,D2D
0xc879BBdA252278B0859e811deef88e9978810E85,9,sRLY
0xD163bc025954B2bAe467b6d82527Cc60500Ad092,18,LPT
0x377C59Bd50AAB876E41231DEe4339BF8e14C48a9,0,CAX
0x3F2378D635b8e2178E6699e822c1AC8F28f3cf56,18,RCOIN
0xc2EF23543B146c721093a34B60396d7d60960A4D,18,Metis
0xdb726152680eCe3c9291f1016f1d36f3995f6941,6,MEDIA
0xd080Ee6B72399957F01865bA694e98B322FFB6F6,18,TRADE
0x21a8B55F7DD43526C13B88AF74A32d9dbFe07E43,18,XUSDG
0x968F6f898a6Df937fC1859b323aC2F14643e3fED,18,NWC
0x08A7180Af3D7552ab14cE689F9196D273E747843,6,MEDIA
0x9ee91F9f426fA633d227f7a9b000E28b9dfd8599,18,MATIC
0x904830cDC0176A0Bd157aa43A07cDe6d083082e0,9,0
0x3294395e62F4eB6aF3f1Fcf89f5602D90Fb3Ef69,18,CELO
0x274C17392B8B3e3c4EEc5089e2093bA84534ADb3,18,bwJUP
0xcA66BbddDd58d67aB504B6d8028491128ae28ECA,18,MANA
0xA5e3B10d34C93a480517F9Dc53b3e1Fe52D4e1eE,9,$CINU
0x98413f1D5B29521E0641d57D05f6eb95523a49Aa,18,ZAP
0x3678dcD0BbA6f91864bd0E63ff6f78f2ffB3Fc24,9,BabyDoge
0x3b570015fbF353a7d1179579144e6Bd9Fb9c97de,18,TOTM
0xa4Ff1bfA01d4Bb13f24Cc026BEE40119Baf8fe1C,18,CENI
0x71Fc1F555a39E0B698653AB0b475488EC3c34D57,18,RAIN
0x8B3192f5eEBD8579568A2Ed41E6FEB402f93f73F,9,SAITAMA
0x2a790B85dEcd17202FeB3E4167B2832318e7536c,18,DAI
0x1e33dBA7cd47e79C4385Ba39442A693B910a0A8a,18,CELO
0xb7DE92bE975ccb27e7352a1D47512aCBdb0BaC32,18,MINE
0x68a0A1fEF18DfCC422Db8bE6F0F486dEa1999EDC,9,EDC
0xafc57F1e8f1BA7903389c4cC252e8bD5ab466630,18,FWT
0xfF50D6eD42aDE29873ACb4569AeD355E7B42F3f1,18,HOLY
0x3D371413dd5489F3A04C07c0C2CE369c20986ceb,10,YOUC
0x5062f4e39386a64e360f3C10da99E0c00A42095B,18,VELO
0x050cbFF7BFf0432b6096DD15CD9499913dDF8E23,18,FCI
0x191557728e4d8CAa4Ac94f86af842148c0FA8F7E,8,ECO
0x706eE6Ff25740c75959321C745c4c51f60bc7A8b,18,DAI
0xB62132e35a6c13ee1EE0f84dC5d40bad8d815206,18,NEXO
0xD8acee38DefeDe6b80EaF376936aF1893a7865Ed,18,TEDDY
0x1Da87b114f35E1DC91F72bF57fc07A768Ad40Bb0,18,EQZ
0xc3422D70bFfcf43ba9Fc566d958adA92c64065bF,18,AAVE.e
0xfcEB206E1a80527908521121358B5e26cAABaa75,18,MAIN
0x7Fd0D547E23aC72483ad74dEf247B191C3084790,8,INRT
0x6A7a7b4e030AC607F78f6679EAeC571bC60c77FA,18,MVRS
0xB31c83bf8E933c0eE5f3dE1156b21EF56Fda4FD2,6,LUNA
0x09d960E460fc7Ac20710a5470Bb23AFEA4711459,24,NEAR
0xE452E6Ea2dDeB012e20dB73bf5d3863A3Ac8d77a,18,wCELO
0xaF090bd80890E1eF773674Ad4C5489492774156d,18,AGLA
0xe60b77AF574DA0c2Fa6091820c5d5550C448097d,18,GOV
0x8287C7b963b405b7B8D467DB9d79eEC40625b13A,18,SWINGBY
0xB4bCDC0915b9518846FDc7d9C07AC76BC77bdEd7,9,SenkaBit
0xfAE4Ee59CDd86e3Be9e8b90b53AA866327D7c090,18,CPC
0xC9Db5D64348505f56aF09e869D0b6E6835f892a5,8,renDOGE
0x19F3731eE43DB1546D9B23DB95681439e2FA15e5,18,RELI
0xC22956c3CFeC3Ee9A9925abeE044F05Bc47f6632,18,cUSD
0xF743523Bc4190bA3877f02dA05B755AC33cfD42D,9,Bandex
0x1A4b46696b2bB4794Eb3D4c26f1c55F9170fa4C5,18,BIT
0x8589A26eb762c9D8126b69c0582151186C4E71Bd,9,0
0xBcca60bB61934080951369a648Fb03DF4F96263C,6,USDC
0xcbdB4BfBB894666931a5C7D3001d4D347B8E09D7,18,TestToken
0xAa6E8127831c9DE45ae56bB1b0d4D4Da6e5665BD,18,ETH2x-FLI
0x9d409a0A012CFbA9B15F6D4B36Ac57A46966Ab9a,18,yvBOOST
0x397FF1542f962076d0BFE58eA045FfA2d347ACa0,18,SLP
0xFB9B2f06FDb404Fd3E2278E9A9edc8f252F273d0,18,cvxLUSD3CRV-f
0xF15d959Fcd2B930Dd3c5aA770D8ADd015d025B8D,18,ALEPH
0xaeE433ADeBe0FBB88dAa47eF0C1A513CaA52EF02,18,TOON
0x4e3FBD56CD56c3e72c1403e103b45Db9da5B9D2B,18,CVX
0x4cfF05AC2aC5c8d8B07216492A3a0be4cE5Ad358,18,WETH
0x2b867efD2dE4Ad2B583Ca0CB3dF9C4040Ef4D329,9,LBlock
0xF51c60CfC8c7EBF7eF4E5A59d4D885e7Fef29aa8,9,LBlock
0xdA816459F1AB5631232FE5e97a05BBBb94970c95,18,yvDAI
0xF29AE508698bDeF169B89834F76704C3B205aedf,18,yvSNX
0x32512Bee3848bfcBb7bEAf647aa697a100f3b706,18,USDC
0x8FDF7cabfEc73d5FfD1447867834b4cf39B745B7,18,cvxcvxcrv-f
0x005D1123878Fc55fbd56b54C73963b234a64af3c,18,KIBA
0x3EAd7b8f581E8fc1005aa5d10d0a1d0000e01d52,8,GST
0x1b17016a9012F35b79F0835F513ebE0a6A8623D0,18,ELONINDEX
0xe3c408BD53c31C085a1746AF401A4042954ff740,8,GMT
0xaF4C5db9411fBc13593dC7650cbba6301D562472,18,TDX
0xeA068Fba19CE95f12d252aD8Cb2939225C4Ea02D,18,FIEF
0x6c28AeF8977c9B773996d0e8376d2EE379446F2f,18,QUICK
0x788D98F889677Ba1b9B5CF60Bde33e924E02a78B,9,0
0xAa2FC5e52bd2765d7c9Bbc4730498f431ec775e5,9,0
0xc199d858AEcA273328cA9393e0ecE58A2E4F9C9d,6,mTSLA
0xce9B0D03dd2b6ce78A0B95fEB2386D632030792E,18,LUNC
0xdF200ee0C427E7ED5b7A8820a97bF50D2a443bA8,6,mSBUX
0xe5a939Bbf46ba8D40c7890fC55c8cE9a37889CAD,6,LIRA
0xbcDeF50c29003Bf706440DAe42be87c27C8BFAE3,9,MCRT
0x2c89277f56dF1b879dFe616Bba16b8886Afe58c5,18,AIOTM
0xd6Dc49A1d1E71E27F8D7eF67f3e984200ADC472f,18,ICE
0x8cb1d155a5a1d5d667611b7710920fD9D1CD727F,8,AIRx
0xe0B9a2C3E9f40CF74B2C7F591B2b0CCa055c3112,18,GS
0x1F7e5118521B550bB1A9B435727c003eB033FC51,18,AGLA
0xAA1c34E070EfD4991c31E5C641C3f33796df3f57,18,LUNA
0x1fCEd53ddB60cE39cF7E8Cce2674524c22C648d2,9,FLOKI
0x9AEA32B459e96C8eF5010f69130bf95fd129ac05,18,WKLAY
0x548ADF5Dc83B66eb55a4D53980a8D16De2E10C64,18,SD
0x6a8b433D2c5D97F1F7e6Bd457acB7DC2eA5f8591,18,FIEF
0x4b413F844b2A66eaA3Bb756D6173E09F523376DA,18,WETH
0x29239242A83479a4074Cb1c9e2A3e6705A4A4455,18,TOZ
0xB4b9DC1C77bdbb135eA907fd5a08094d98883A35,18,SWEAT
0xaC0104Cca91D167873B8601d2e71EB3D4D8c33e0,18,CWS
0xFF75CEd57419bcaEBe5F05254983b013B0646eF5,18,COOK
0x956F47F50A910163D8BF957Cf5846D573E7f87CA,18,FEI
0xc7283b66Eb1EB5FB86327f08e1B5816b0720212B,18,TRIBE
0x155040625D7ae3e9caDA9a73E3E44f76D3Ed1409,18,REVO
0xE796d6ca1ceb1b022EcE5296226BF784110031Cd,18,BLES
0xBe428c3867F05deA2A89Fc76a102b544eaC7f772,18,CVT
0x7645DdfEecedA57e41f92679c4aCd83c56A81D14,18,FLUX
0x4ABB9cC67BD3da9Eb966d1159A71a0e68BD15432,18,KEL
0x56A86d648c435DC707c8405B78e2Ae8eB4E60Ba4,18,STACK
0xcc4589524574D63032be3da382825eba8FC558Af,18,STACK
0xb7fbFf4Ce5200215c690cc95855e5d6C5236Ee9f,18,CC
0x661Ab0Ed68000491d98C796146bcF28c20d7c559,18,DOWS
0x9288A57D6c5644B25569e9D1d5e9e328228D26c6,8,mBTM
0xF4b5470523cCD314C6B9dA041076e7D79E0Df267,18,BBANK
0x44e288B2484e5A5297cF7193bF36690eA6801F95,18,PLUT
0x734C90044a0bA31B3F2e640c10dC5d3540499Bfd,18,TSX
0xbc194e6f748a222754C3E8b9946922c09E7d4e91,18,LEV
0x7f1F2D3dFa99678675ECE1C243d3f7bC3746db5D,18,TAP
0xEe9801669C6138E84bD50dEB500827b776777d28,18,O3
0x9b62Ec1453cEa5Dde760AAf662048cA6eEB66E7f,2,eCell
0xac3211a5025414Af2866FF09c23FC18bc97e79b1,18,DOV
0x7BD82B320EbC28D8EB3C4F5Fa2af7B14dA5b90C3,18,MOZ
0xDb0f18081b505A7DE20B18ac41856BCB4Ba86A1a,9,pWING
0xcfc013B416bE0Bd4b3bEdE35659423B796f8Dcf0,8,WBTC
0xb3fb97019e9F69d0fD2e76fBD113ec6960a5389a,18,DC
0x7Ef5ac1FE8B6832EbAddEE1856E4A21E46843565,18,DOI
0x34965f73Cfa05Bf8d8aF37cB4af64Fa950605Ea8,18,COW
0x29CeDDCF0Da3c1D8068a7DFbD0FB06c2E438FF70,18,FREL
0x0829d2d5cC09d3d341E813c821B0cfAE272D9fb2,18,ROCKS
0xABDf43c835577f0983686a9851841D314385aafE,18,FILE
0xaB93dF617F51E1E415b5b4f8111f122d6b48e55C,18,DETO
0x58FaD9E3C3AE54c9BA98c3f0E4bF88aB3E8Cf3c5,18,SPAY
0x3C81D482172cC273c3b91dD9D8eb212023D00521,18,PRY
0xe63d6B308BCe0F6193AeC6b7E6eBa005f41e36AB,18,STN
0x2a9bDCFF37aB68B95A53435ADFd8892e86084F93,18,AQT
0xDFa9e19A4c4640dC0030718430aecFcda9121DBd,18,BKC
0x5C8C8D560048F34E5f7f8ad71f2f81a89DBd273e,18,CART
0xcb46C550539ac3DB72dc7aF7c89B11c306C727c2,9,pONT
0x5d285F735998F36631F678FF41fb56A10A4d0429,18,MIX
0x8A0cdfaB62eD35b836DC0633482798421C81b3Ec,18,SPHRI
0xd9b89EEe86B15634c70CaB51BAF85615A4AB91a1,18,LKT
0x001A8Ffcb0f03e99141652eBCdecDb0384E3bd6c,18,PKR
0x57Ab1ec28D129707052df4dF418D58a2D46d5f51,18,USD
0x6ce654aC973D326F89f0685E7459542641410eD9,18,HD
0x1ef6A7e2c966fb7C5403EFEFdE38338b1a95a084,18,SLD
0x04abEdA201850aC0124161F037Efd70c74ddC74C,18,NEST
0x1cc945Be7d0D2C852d0096A8b5714b44eD21D5D3,18,HDT
0x7778360F035C589fCE2f4eA5786CbD8B36e5396B,18,OOE
0x028a52032a7075a42585C037F069c62b49EbAa3D,18,BET
0x133Bb423d9248a336D2b3086b8F44A7DbFF3a13C,18,SIL
0x1B2a76Da77D03b7FC21189d9838f55Bd849014aF,8,DFC
0x723b23F44B3E3a0fa029044B6326fBA41EDdF5E6,18,CBC
0x14e449473251F2D9D4eA5D26199F002C214b2475,18,CBC
0x5549fE6ED280e5A271A4c8c85277a5F07ec9bbDB,8,CFB
0xDaF88906aC1DE12bA2b1D2f7bfC94E9638Ac40c4,18,ERC20-EPK
0xBA5841109EC38e58b6184c0ab65BA59a9355ffe2,8,SBC
0x0944D5848BD9F60A34Ba92aEa300d4286696Eb76,18,PLT
0xdEaA665aB71785Ccf576dc76e5fcB5a2283ea0C6,18,YNI
0x5126EFA050F6D3166110039C5CA48Cc57B8e6bA2,18,ISM
0xc7FF82f64a310c1262f6C5B647b71403115f1187,18,ITF
0x9E32b13ce7f2E80A01932B42553652E053D6ed8e,18,Metis
0x0E5C8C387C5EBa2eCbc137aD012aeD5Fe729e251,18,RPG
0xCd1fAFf6e578Fa5cAC469d2418C95671bA1a62Fe,18,XTM
0xD175B8548ebDE1Ccde921770d6AA98e20e48F0a3,18,ITFX
0x139cEC55d1EC47493dFA25cA77C9208aBa4D3C68,18,ASET
0x677AD66762c009aAB99509c2F903e68A57Bc1F80,18,BR
0x7467afa7C48132e8f8C90A919fC2ebA041207195,18,AQR
0xdc524e3c6910257744C1F93Cf15E9F472b5bD236,18,WITCH
0xFAb5a05C933f1A2463E334E011992E897D56eF0a,18,DoTx
0x537edD52ebcb9F48ff2f8a28c51FCdB9D6a6E0D4,18,SDOG
0xaf9f549774ecEDbD0966C52f250aCc548D3F36E5,18,RFuel
0x53f878Fb7Ec7B86e4F9a0CB1E9a6c89C0555FbbD,18,PETH
0xCCEcC702Ec67309Bc3DDAF6a42E9e5a6b8Da58f0,18,PUSD
0x25b24B3c47918b7962B3e49C4F468367F73CC0E0,18,AXL
0xf56c6eCE0C0d6Fbb9A53282C0DF71dBFaFA933eF,18,DCU
0x14Da7b27b2E0FedEfe0a664118b0c9bc68e2E9AF,18,BCUG
0xC8C424B91D8ce0137bAB4B832B7F7D154156BA6c,18,APM
0x12393bA26e2C5Dafeb81c803d0bE7BEB50971Cc1,18,PCOIN
0x3b808Db06074E1bAe5dFE0D970dc7B891EE26Cac,18,ZO
0x4f87f0F2650FEAb86b2f435494d2B9fe908676D3,18,LP-BOBA
0xc52Bd5194e3163fAF48EF482dAa2AF7e4Af45Ab8,18,OXY
0xa93727E8661D4f82CFd50F7d8fD3F38EC8493b84,6,USDT
0x102E6BBb1eBfe2305Ee6B9E9fd5547d0d39CE3B4,18,WBTC
0x405CE8B2eAeeA7D4Ba5Fc160848cB2A6569e03f0,18,METR
0x381225768DD2bd60D70482B51109D0DEFeE92503,8,pNEO
0xB49fa25978abf9a248b8212Ab4b87277682301c0,18,SOFI
0x4c66A27eCec5Af2e87aD8c8CE5Fb4cFC30437ec3,18,WETH
0xec8614B0a68786Dc7b452e088a75Cba4F68755b8,9,pSTC
0xd60929C3A153dDfee363c957490a305b1122E0d9,18,USDC
0xe1443912860ED8bAa2841CD4E6Bb84337CCf6e4C,18,MATIC
0xBf19e64269Ac14DC8786c33D1C9ace7dFD7FE9fA,18,USDT
0x59414459C6c9883480983eF9888334d9376431F3,18,FTM
0x188A5bAc8F60B5099fAe332dE383b48507d0dF8f,18,WBTC
0x1f5B49fBd97DB95d9E296C06d992753c162cBCE3,18,pCUBE
0xFDB40b73010e4476D18D2528dC94459584a44e56,18,O3
0x489F4d95Aa0819b84040473ab6C676ed6583eCeA,18,ROOBEE
0xe77Ca468659C92f6dEB63DD46720a30EA48ebCEA,18,DAI
0xfb631ec582D087e079D5d9d9c4eb92215A29ADbB,18,ppWING
0xCDFEC50dE0427C18547890911068740b15C67969,18,ATA
0x1CcB779BDd1c0bd92CF60D21DCB0926BC1776E3B,18,pRACA
0x35609dC59E15d03c5c865507e1348FA5abB319A8,8,GM
0xACfE701eFDDdAA9a8AAE6cF4aC301381b841aCB2,18,pMetis
0xA1E720f0293A3464a98202487D92fDc8085213FA,18,pCELL
