decimals,down_block,pair_tokens,pairs,rdecimals,rsymbol,rtoken,symbol,token,up_block
6,15158997,0,0,6,USDC,0x2791Bca1f2de4661ED88A30C99A7a9449Aa84174,anyUSDC,0x95bf7E307BC1ab0BA38ae10fc27084bC36FcD605,15189412
6,15192043,0,0,6,USDC,0x2791Bca1f2de4661ED88A30C99A7a9449Aa84174,anyUSDC,0x9610b01AAa57Ec026001F7Ec5CFace51BfEA0bA6,16819939
6,16845627,0,0,6,USDC,0x2791Bca1f2de4661ED88A30C99A7a9449Aa84174,anyUSDC,0xd69b31c3225728CC57ddaf9be532a4ee1620Be51,32534494
18,17232476,0,0,18,WETH,0x7ceB23fD6bC0adD59E62ac25578270cFf1b9f619,anyETH,0xbD83010eB60F12112908774998F65761cf9f6f9a,32534119
18,17284740,0,0,18,DAI,0x8f3Cf7ad23Cd3CaDbD9735AFf958023239c6A063,anyDAI,0x9b17bAADf0f21F03e35249e0e59723F34994F806,32530122
6,17423687,0,0,6,USDT,0xc2132D05D31c914a87C6611C10748AEb04B58e8F,anyUSDT,0xE3eeDa11f06a656FcAee19de663E84C7e61d3Cac,32533754
2,17791417,0,0,0,0,0,EURS,0xbeE994aD257dCC84672c0c6e6168A4701041F39f,17791467
18,17899132,0,0,18,PERI,0xDC0E17eAE3B9651875030244b971fa0223a1764f,anyPERI,0x3b79a28264fC52c7b4CEA90558AA0B162f7Faf57,17899132
18,17908582,0,0,0,0,0,KANGAL,0x34f380a4e3389e99C0369264453523Bbe5aF7faB,32351725
2,18860810,0,0,2,EURS,0xE111178A87A3BFf0c8d18DECBa5798827539Ae99,EURS,0xe26Ae3d881f3d5dEF58D795f611753804E7A6B26,32459511
18,18326228,0,0,18,LPK,0x9B71b5511998e0798625b8Fa74e86D8192DE78C1,anyLPK,0xC789f877FBB6aa4457EE5531cCeB76da6d3D1e3F,32493913
18,19169093,0,0,18,ICE,0x4A81f8796e0c6Ad4877A51C86693B0dE8093F2ef,anyICE,0x03E8D118A1864c7Dc53bf91e007ab7D91f5A06fA,31348496
18,19857541,0,0,18,XDO,0x3Dc7B06dD0B1f08ef9AcBbD2564f8605b4868EEA,anyXDO,0x3D8f74620857dd8ED6D0dA02ceB13fd0Ed8Ba678,28383851
18,20103098,0,0,18,FEAR,0xa2CA40DBe72028D3Ac78B5250a8CB8c404e7Fb8C,anyFEAR,0xbCCFf1c6C1CA650F533D3dcc5F4722aaE6718337,32481280
9,20363776,0,0,9,DOGIRA,0xdDa40cdfe4A0090f42Ff49f264A831402ADB801A,anyDOGIRA,0xDfed31E640b7280F76f046a97179E5E369D209b5,32518784
18,20457108,0,0,18,jEUR,0x4e3Decbb3645551B8A19f0eA1678079FCB33fB4c,anyjEUR,0x61B31F8d9d8bd303891eC4030B1206cAb9488c95,27477059
18,20591122,0,0,18,DSG,0xb65Ce345e1d6786C55c847076563b24B8B34bc2A,anyDSG,0x3915C77Dc839d97e875613a5b64179aCC1Da97Df,32463810
18,20628216,0,0,0,0,0,DERC,0xB35fcBCF1fD489fCe02Ee146599e893FDCdC60e6,32532515
18,20815906,0,0,18,WSPP,0x46D502Fac9aEA7c5bC7B13C8Ec9D02378C33D36F,anyWSPP,0xb280458B3cf0FAcC33671D52FB0E894447C2539A,29398247
18,20743472,0,0,18,WMATIC,0x0d500B1d8E8eF31E21C99d1Db9A6444d3ADf1270,anyMATIC,0x68f7a9e795C7074F2D0e698101d5c3Fea7aa0acb,23975731
18,20898611,0,0,18,GMEE,0xcf32822ff397Ef82425153a9dcb726E5fF61DCA7,anyGMEE,0x7a8941F4E77786A63E584C579f55C7C599bf0c67,32533317
18,21029450,0,0,18,miMATIC,0xa3Fa99A148fA48D14Ed51d610c367C61876997F1,anymiMATIC,0x95dD59343a893637BE1c3228060EE6afBf6F0730,32531973
18,21085025,0,0,0,0,0,LMT,0xD097f30fd3B0e489BE8B5772dDCAb6FcbE7ac89a,21349472
18,21194663,0,0,18,GEMG,0x040F6B41d36F8c8e81f05ae156CD6605aBF60662,anyGEMG,0x771c01e1917B5aB5b791f7b96F0CD69E22f6dBcF,32532617
18,21212718,0,0,0,0,0,LMT,0x873801Ae2ff12d816Db9a7B082F5796BEC64C82C,32510230
18,20707901,0,0,18,POLAR,0xdC3aCB92712D1D44fFE15d3A8D66d9d18C81e038,anyPOLARv3,0xe2D27f06F63d98b8e11b38b5b08A75D0c8dD62B9,24804479
18,21053561,0,0,18,QI,0x580A84C73811E1839F75d86d75d88cCa0c241fF4,anyQI,0xE705aF5f63fcaBDCDF5016aA838EAaac35D12890,32532484
18,20110131,0,0,18,CTSI,0x2727Ab1c2D22170ABc9b595177B2D5C6E1Ab7B7B,anyCTSI,0xDf00960e0Adfea78EE29dA7FcCA17CFdDDc0A4cA,32346789
18,21823379,0,0,18,LIBRE,0xF52d69BC301BE21cbed7D3ca652D1708FF8a1162,anyLIBRE,0x9988874c6b9302cBd0245cc02525df336B7312fd,28821437
18,22024194,0,0,18,MYST,0x1379E8886A944d2D9d440b3d88DF536Aea08d9F3,anyMYST,0x8f0224e841b78BF380649b6b19503E2BFc76efC7,32522056
18,22017252,0,0,0,0,0,BIFI,0xFbdd194376de19a88118e84E279b977f165d01b8,32494717
18,22062063,0,0,0,0,0,JEWEL,0x149D190D1057e15e85Fb9e31ce5b3382B147A97F,32348951
18,22057470,0,0,18,FRAX,0x45c32fA6DF82ead1e2EF74d17b76547EDdFaFF89,anyFRAX,0xfE952465773bE3802eAc343C89aD351C77c00ab1,32526198
18,22074167,0,0,18,FXS,0x1a3acf6D19267E2d3e7f898f42803e90C9219062,anyFXS,0x0452DD4d9B5b0Be57b9E98b825051833f20271ac,32424591
18,22096306,0,0,18,IDEX,0x9Cb74C8032b007466865f060ad2c46145d45553D,anyIDEX,0x985aa5568Afb9306d9C3FB04B207f0B116631948,32164645
9,22069582,0,0,9,USV,0xAC63686230f64BDEAF086Fe6764085453ab3023F,anyUSV,0x1BC84DB86ef36FADB86E5882d5445d5725394937,32519555
18,22249870,0,0,0,0,0,TOMB,0x0e98C977B943f06075b2D795794238fBfB9b9a34,32272346
18,22200042,0,0,0,0,0,DHV,0x5fCB9de282Af6122ce3518CDe28B7089c9F97b26,32530555
18,22348212,0,0,18,KING,0x557461d81574030b5DfEBf238762f00EC8228cD7,anyKING,0xe8b7E5282b4F53357a24B9fB20cd8FaC5763CDC7,25120389
18,22373280,0,0,0,0,0,STZ,0x2c92a8A41f4b806a6f6F1F7C9D9DEc78DCd8c18e,32485182
18,22581531,0,0,0,0,0,MULTI,0x9Fb9a33956351cf4fa040f65A13b835A3C8764E3,32410941
18,22798930,0,0,18,SNP,0x6911F552842236bd9E8ea8DDBB3fb414e2C5FA9d,anySNP,0xBF05279F9Bf1CE69bBFEd670813b7e431142Afa4,32488732
18,22813834,0,0,0,0,0,DOSE,0x81382e9693dE2aFc33F69B70a6C12CA9B3a73F47,32230168
18,22878588,0,0,0,0,0,MIM,0x49a0400587A7F65072c87c4910449fDcC5c47242,32528987
18,22903161,0,0,0,0,0,LIQ,0x4036f3d9c45a20f44f0b8B85dD6CA33005fF9654,32518454
18,22904196,0,0,0,0,0,nICE,0xB808D767DDf0F61Ca62331c1bBbebe0530b41079,26983169
4,22990982,0,0,4,NIOX,0xad684e79CE4b6D464f2Ff7c3FD51646892e24b96,anyNIOX,0x4f851750a3e6f80f1E1f89C67B56960Bfc29A934,32513884
18,23093028,0,0,18,TSA,0x5f99ACF13CAff815DD9cB4A415c0fB34e9F4545b,anyTSA,0x7DB1B41e7a3a54b89272973189aEe6548DD9C199,31474733
18,23138672,0,0,18,ANKR,0x101A023270368c0D50BFfb62780F4aFd4ea79C35,anyANKR,0x6D696eBBB49c304E004f112C85A4A710e96C09D8,32518215
8,23159107,0,0,8,WBTC,0x1BFD67037B42Cf73acF2047067bd4F2C47D9BfD6,anyWBTC,0x161DE8f0b9a59C8197E152da422B9031D3eaf338,32534016
6,23244763,0,0,6,DAF,0x2f0e07E881363Bb1cdFF32971B2f8C87EF8FF432,anyDAF,0x599eaEF483958da53Da541190A78c7427E1D086F,23244763
18,22777564,0,0,0,0,0,BELUGA,0x47536F17F4fF30e64A96a7555826b8f9e66ec468,31868801
18,23222047,0,0,0,0,0,MIMIR,0xd1790c5435b9fB7C9444c749ceFE53D40D751eaC,32153455
18,23349246,0,0,0,0,0,POLP,0x2d72A97a31Dc920dB03330780d30074626e39C8A,32488271
18,23402042,0,0,18,MSU,0xe8377A076adAbb3F9838afB77Bee96Eac101ffB1,anyMSU,0x247b5BcC806f86969e0ee5446d411283B218f645,32473376
18,23534707,0,0,18,dSNX,0x65bb99e80a863e0e27Ee6D09c794ed8C0bE47186,anydSNX,0x7Dd7eAf5872E260F35Dc60a54E0F25193128c765,31225733
18,23551005,0,0,18,AAVE,0xD6DF932A45C0f255f85145f286eA0b292B21C90B,anyAAVE,0x736c36caA1bA18e5Abff7b7af0A00ec5B3c6DFBf,32528280
18,23670720,0,0,18,KEYFI,0xD1A5f2A049343fc4D5F8d478f734eBa51B22375E,anyKEYFI,0x1b41a1BA7722E6431b1A782327DBe466Fe1Ee9F9,32429497
18,23664453,0,0,18,AIRT,0xBCD287ca1C614Ecd8c5Ca95bFf3c13c392192df5,anyAIRT,0x96b14E64b53B9950d2a4D2292f8dc7d51a4f467A,27321695
18,23596633,0,0,18,KNC,0x1C954E8fe737F99f68Fa1CCda3e51ebDB291948C,anyKNC,0x9ee45ADBB2F2083ab5CD9BC888C77a662Dbd55fE,32523754
18,23815364,0,0,18,NFTY,0x8623e66Bea0DCe41B6d47f9C44e806A115baBae0,anyNFTY,0x05f024C6F5a94990d32191D6f36211E3Ee33504e,32389613
18,23869242,0,0,18,LEPA,0xF9a4BBAa7fA1DD2352F1A47d6d3fcfF259A6D05F,anyLEPA,0x124f09492C62Fd0d86d1e8D71c949720941eF914,32058601
18,23898793,0,0,18,FIN,0x576c990A8a3E7217122e9973b2230A3be9678E94,anyFIN,0x097f01907A50AC436D47A94E58683BE7160F3b0E,32211403
18,23981532,0,0,18,WMATIC,0x0d500B1d8E8eF31E21C99d1Db9A6444d3ADf1270,anyMATIC,0x21804205C744dd98fbc87898704564d5094bB167,32533341
18,24000335,0,0,18,MAHA,0xeDd6cA8A4202d4a36611e2fff109648c4863ae19,anyMAHA,0x2Cd8650Ca253Bff0C3b99d636A7119D7cb7077D4,32530432
18,24131817,0,0,0,0,0,GEM,0x4A7b9A4589A88A06ca29F99556dB08234078D727,30718972
18,23994762,0,0,18,RSD,0x61Ed1C66239d29Cc93C8597c6167159e8F69a823,anyRSD,0x1E0E8E6a2C8a3Ec61F65E97338871Bd7dDcb76d0,29836682
18,22102490,0,0,18,MFTU,0xC46A37fBBe433EF24bc7b9388C8728DDcf3cA87c,anyMFTU,0x1c174f6AB0753162befbB916c69dEF2cc1bfdEc1,32176561
18,23712157,0,0,18,CRE8R,0x079202AD852ccc46d8E73815f10Ff055049D3916,anyCRE8R,0x7761a5e95C96ff0d68dAf5eF2f94741229b36b50,27273496
18,24263772,0,0,0,0,0,VERSE,0xA1388e73c51B37383B1Ab9dCe8317eF5A0349CC5,32522375
18,24283934,0,0,18,NFD,0x0A5926027d407222F8fe20f24cB16e103f617046,anyNFD,0xE21Af796C227ACD3C7Fb31AD2E2c36EdE22AFB82,30796607
18,24251302,0,0,18,UFARM,0xA7305Ae84519fF8Be02484CdA45834C4E7D13Dd6,anyUFARM,0x7782046601e7b9B05cA55A3899780CE6EE6B8B2B,32485852
18,24422004,0,0,18,FAN,0xb6d48FCEf36E19681EE29896B19c1b6CbD1eAB1B,anyFAN,0x592efb6A2CBf3bcE4Ec28567Fb181Ce6972AE2a1,24779077
18,21737049,0,0,18,WHIRL,0x4F6cbacA3151f7746273004Fd7295933a9b70E69,anyWHIRL,0x511D35c52a3C244E7b8bd92c0C297755FbD89212,32379844
18,24096461,0,0,18,MM,0x2E220744f9aC1BF3045B0588D339F5fD3bB8623A,anyMM,0xda803c6AD8078c51c5334B51aA4Cc3f440d56D5F,29273465
18,23970243,0,0,18,YIN,0x794Baab6b878467F93EF17e2f2851ce04E3E34C8,anyYIN,0xdFb5A6b5136186f4fFcf3FE055B48F27793CdBD2,32501786
18,24779200,0,0,18,MOD,0x8346Ab8d5EA7A9Db0209aEd2d1806AFA0E2c4C21,anyMOD,0xc5C71CD0b734Dae8c6eBa9D79C3Db693d112DDA1,32520733
9,24822367,0,0,9,SMBR,0x16B3E050e9e2f0Ac4f1BEA1b3E4fdc43d7f062Dd,anySMBR,0x470BFEE42A801Abb9a1492482d609fB84713d60F,32525959
8,25023050,0,0,8,CDS,0x23f07a1C03e7C6D0C88e0E05E79B6E3511073fD5,anyCDS,0x5Dd3411c533AB5a1D416E47756E261bd733dc103,32326726
18,25078145,0,0,0,0,0,FUSE,0xF915fDDa4c882731C0456a4214548Cd13A822886,32530105
18,25315139,0,0,18,ODDZ,0x4e830F67Ec499E69930867f9017AEb5B3f629c73,anyODDZ,0x1C7f927f45A3Ac113EaCdFab3dcA22Db78B65601,32491841
18,24044571,0,0,18,SCLP,0x2fC711518aaE7C87D7002566c5d43B0e5D2B1932,anySCLP,0xE5Fe6295e7291e3B538C2e43eCBC9F908BdF7eB9,32495779
18,25340325,0,0,0,0,0,FS,0x525b43A49bE2Ed530e3516C22bd7ECbcF1586AD4,28193388
18,25095553,0,0,0,0,0,SPACE,0xB53Ec4aCe420a62Cfb75aFdEba600D284777cd65,32298607
18,25492752,0,0,18,ONX,0xEb94A5e2C643403E29fa1d7197e7E0708B09aD84,anyONX,0x471Ea49dd8E60E697f4cac262b5fafCc307506e4,26113679
18,25535183,0,0,0,0,0,UNB,0xD81F558b71A5323e433729009D55159955F8A7f9,32436311
18,25536356,0,0,0,0,0,FINA,0xc6527b9dB96b4790604a3F8873D23140C8391D07,27078220
9,25544629,0,0,0,0,0,EXZO,0x6F1Bc0967945465539877b39ba48373b0219248f,29613789
18,25595776,0,0,0,0,0,CIFI,0xF9cFbDd3120F59f261f0dB3610d683Fe0337eB20,25738293
18,25613624,0,0,18,RADIO,0x613a489785C95afEB3b404CC41565cCff107B6E0,anyRADIO,0x17e2e3d4a27e8e0790c85fF2ec13D001e749E49E,32505500
18,25940553,0,0,0,0,0,POTS,0x18caFd594E8C400a6d2c0182F94b81E25736266F,28274981
18,25970410,0,0,0,0,0,CIFI,0x12365293cb6477d4fc2686e46BB97E3Fb64f1550,32516733
18,26049091,0,0,0,0,0,VSN,0xf24fD75c5BF897F272aE79A878089b12dE5f1d62,28190229
18,26063365,0,0,0,0,0,MARK,0xf99FC9f2D4B9F6cc4d6e56B13C5Ae7E0030FB406,26063365
18,26066104,0,0,0,0,0,PLATO,0x79637D860380bd28dF5a07329749654790FAc1Df,26333767
18,26088571,0,0,18,ZEE,0xfd4959c06FbCc02250952DAEbf8e0Fb38cF9FD8C,anyZEE,0x700843380021776970A28A7A74dA3E5908755FCc,26802124
18,26133982,0,0,0,0,0,APE,0xD10DA41D535078F23f68bD90e28B50b31fc40DBc,32023350
18,26182412,0,0,18,OVR,0x1631244689EC1fEcbDD22fb5916E920dFC9b8D30,anyOVR,0x1c83fae1f7029763086b39ed14D53047d912e734,32532982
18,26217407,0,0,18,BIOS,0xe20D2Df5041f8Ed06976846470f727295cDd4D23,anyBIOS,0x3C08cDC102fd746D06f85d3Ea348Ba6102C43f32,32507569
9,26308903,0,0,0,0,0,CK,0x3984faC1Bd61fc62c5D5797205dd1679Da6437F0,26308903
18,26310899,0,0,18,BzB,0x462D8d82C2B2D2DDabf7f8a93928De09d47A5807,anyBzB,0x6E3bF2fFf13e18413D3780f93753D6CFf5AEE3e1,32311588
18,26358815,0,0,18,GULL,0xca830317146BfdDE71e7C0B880e2ec1f66E273EE,anyGULL,0xD6Cce248263ea1e2b8cB765178C944Fc16Ed0727,30898916
18,26453313,0,0,18,vUNIT,0x632fbF85F77978437073a8CE5CEEC29e3209514c,anyvUNIT,0x6f34bDF41A982BF4EB80D955A6BaC36A981B56C9,27349272
18,24256817,0,0,0,0,0,FEED,0x7C10B66c442fc403Ab2b8Bd73553D0dF262AD8a5,28519817
18,26501754,0,0,0,0,0,aCRV,0x89C90E480A39fBE3886bB5bD53ba5B1Acc69D4Fb,32502284
18,26529546,0,0,0,0,0,GREEN,0x06E2DDd17F1043c0a4Cbe72cc7c256E4d8a3E374,27437540
18,26575743,0,0,0,0,0,8PAY,0x3bd9856BF578910b55261d45d9148d61C177B092,32443933
18,26643384,0,0,0,0,0,PLOT,0xcb9d0b8CfD8371143ba5A794c7218D4766c493e2,28189699
18,25572169,0,0,18,ESW,0xd2A2a353D28e4833FAFfC882f6649c9c884a7D8f,anyESW,0x4f76664105ba7E35dD4904eC70F2042fc17563d9,32373647
18,26757270,0,0,18,COR,0x3581a7B7BE2eD2EDf98710910fD05b0e8545f1DB,anyCOR,0xfCB7388EEf472293290B15027642702EBf57250A,26757270
18,26774549,0,0,18,HND,0x10010078a54396F62c96dF8532dc2B4847d47ED3,anyHND,0xd4d4139b2f64B0367F522732b27be7701D36E187,32514791
18,26775842,0,0,0,0,0,BLID,0x4b27Cd6E6a5E83d236eAD376D256Fe2F9e9f0d2E,29788687
18,26846816,0,0,0,0,0,XMT,0xadBe0eac80F955363f4Ff47B0f70189093908c04,32488269
18,26852777,0,0,0,0,0,ACRE,0x011734f6Ed20E8D011d85Cf7894814B897420acf,32532534
18,27163318,0,0,0,0,0,STRIP,0x702D161Ed480e4a367a5810a6086074B791cf6A0,27163318
18,27187733,0,0,0,0,0,CYT,0x83102Ec9B8A4DbF2E6aA41f6E7C8B5863B800681,31859420
18,27370891,0,0,0,0,0,LACE,0xAD0Ddb54d79D2de572e25cd9375782AABb440353,29016239
18,27438588,0,0,18,MHUNT,0x61f95bd637e3034133335C1baA0148E518D438ad,anyMHUNT,0x7FaAbDA3De9be051f97bEABA3d539666933b2fA8,32526400
18,27437913,0,0,18,SDAO,0x1B493CE65a66e82dC6d09bF696609a4C797ED731,anySDAO,0x3cB1967b36C318510CC06Ab901b428A166bb6dDA,31088962
18,27622543,0,0,0,0,0,EMT,0x3fB256CFefedb6A54De7465c0EE86dC574AE464D,32037681
18,27648138,0,0,18,SWAP,0x654496319F438A59FEE9557940393cf818753ee9,CCSWAP,0x8a0b3561B2Bb4303fC2969426c404AbDC52cf57C,27726208
18,27693657,0,0,0,0,0,IMRTL,0x2df54842cD85C60f21b4871E09bcc6047b2dcC4d,32491622
18,27706352,0,0,0,0,0,BANANA,0x5d47bAbA0d66083C52009271faF3F50DCc01023C,32223029
18,27709822,0,0,0,0,0,TREEB,0x2c69095d81305F1e3c6ed372336D407231624CEa,30473796
18,27803502,0,0,0,0,0,ROOBEE,0xFaFA220145DfA5C3Ec85B6FA8a75aEE2451CDe5E,31615745
18,27805745,0,0,0,0,0,BSGG,0x5EEE4d55961705Eb55D12Cb6FA70EB93c4063216,32338580
18,27987941,0,0,0,0,0,OBOT,0x221743dc9E954bE4f86844649Bf19B43D6F8366d,32112588
18,27988123,0,0,0,0,0,XOT,0x100432c8c862B42A2b93d784E7eBe5a61e4AcFAa,27988123
18,28114636,0,0,18,TETU,0x255707B70BF90aa112006E1b07B9AeA6De021424,anyTETU,0x652fAE511Be0A529B422945594a2a727B64Af1af,32283644
18,26811506,0,0,18,BETS,0x9246a5F10A79a5a939b0C2a75A3AD196aAfDB43b,anyBETS,0x158335C10D3eEe1c5DB5a302aB972022F3E59040,32522724
18,28207214,0,0,0,0,0,anyUNCL,0x5126f540A90B43eB3c20fc5d734EcC749f2AaDC7,28233669
18,28066156,0,0,18,PS1,0x32Cd1BCB75473845b5d1dB6ecE60AEC6E41d8518,anyPS1,0x4F438603EbDe2b0e4524173f2f123aA738f14652,32430121
18,28341685,0,0,0,0,0,VERSA,0x8497842420cFdbc97896C2353D75d89Fc8D5Be5D,30718386
18,28384479,0,0,18,wXRNBW,0xc104e54803abA12f7a171a49DDC333Da39f47193,anywXRNBW,0x31901C3dA2B7F154eB46F14dbC021A73a3667104,31906360
18,27684184,0,0,0,0,0,FEVR,0xE6B9d092223f39013656702A40dbE6B7DeCc5746,32359455
18,28584347,0,0,0,0,0,PAE,0x8063037ea50E4a066bF1430EA1E3e609CD5cEf6B,32533789
18,28807329,0,0,0,0,0,CAGE,0x06ebc9c542357e2129D16717CD02c02FBC835d33,28992742
18,28919456,0,0,0,0,0,LOOT,0x4E2B07c0bCd975CAF4F6B10cA30D59D568d0fB0d,28919456
18,29046694,0,0,0,0,0,GEL,0x15b7c0c907e4C6b9AdaAaabC300C08991D6CEA05,32033790
18,29130618,0,0,0,0,0,BEETS,0x0135D67E81fa29B31fe456c75756226b20437218,31736558
18,29327123,0,0,18,USDS,0x2f1b1662A895C6Ba01a99DcAf56778E7d77e5609,anyUSDS,0x0e7Ae79D3C324726f3610233F3d6510815611031,32387676
18,29351826,0,0,18,iUSDS,0x66F31345Cb9477B427A1036D43f923a557C432A4,anyiUSDS,0x301355c580e62884B0907deA742F9787fED72217,32511778
18,29382958,0,0,18,SPICE,0x66e8617d1Df7ab523a316a6c01D16Aa5beD93681,anySPICE,0x133873FB966CB927024179A09e7cfb2f89a2DD29,32468908
18,29393487,0,0,0,0,0,MEMELON,0x77609d4F3ae31382389374101Aca6108D95b093A,31560845
18,29597173,0,0,18,WSPP,0x46D502Fac9aEA7c5bC7B13C8Ec9D02378C33D36F,anyWSPP,0x8506560320826e459F356CB56cCF721Da8875414,32297528
18,29788953,0,0,0,0,0,COC,0x2489eb26B6C3eE7815e024d14aED4DAd71EbeF51,29789062
18,29904316,0,0,0,0,0,POL,0xBb5FcFCC96E9e8E22A1a7C12abbA67FDd0f84665,32451072
18,29916251,0,0,0,0,0,DELOT,0x86A298581388bc199e61BFeCDcA8eA22Cf6C0Da3,32184007
18,30090179,0,0,18,SHACK,0x6E65Ae5572DF196FAe40Be2545Ebc2A9A24eAcE9,anySHACK,0x6562E5791Da22950c959b8C2febCFbcA15AE520c,32528121
18,30179982,0,0,18,ORE,0xD52f6CA48882Be8fbaa98ce390db18e1dbe1062d,anyORE,0x0664e6B2f836f5D8805dCcA8dFd848cBd7eEac99,31843664
18,30359926,0,0,0,0,0,UNI,0x8e734e30270292993dBE71c421ad2b128B6dAE11,30526245
18,27651262,0,0,18,LUXY,0xD4945a3D0De9923035521687D4bf18cC9B0c7c2A,anyLUXY,0x783fbEDf704E45a4ed0D7e3AE85BE8C376eCba1C,32494299
18,30470288,0,0,0,0,0,AZUM,0x152c0f9c32C393961e9803a9467B2194E1c00b21,30470288
18,30477956,0,0,0,0,0,WARU,0xE3627374Ac4baf5375e79251B0af23aFc450FC0E,31294993
18,27136438,0,0,18,GREEN,0x40DB6d7812b8288eCA452F912ca9F262b186f278,anyGREEN,0x3c862D4c3CAC6659920817967779207209810048,31592825
18,30629585,0,0,0,0,0,SPIN,0x35f80a39eeFe33D0dfD2aD2daa6aD6A9D472CEbd,32485103
18,30638180,0,0,0,0,0,PROS,0x6109cB051c5C64093830121ed76272aB04bBDD7C,32453169
4,30694193,0,0,4,BRZ,0x491a4eB4f1FC3BfF8E1d2FC856a6A46663aD556f,anyBRZ,0x8CE95561ec220dF4178899dd3c500daae2B5F5Bd,32287826
18,30914923,0,0,0,0,0,MNS,0x636Db84815d6A5af9202CBb44DAd7fd672F178e1,31912961
18,30939673,0,0,0,0,0,FITFI,0x83c13eCAEa386b0D13ec1970C409c2a291617f31,31957315
18,30981795,0,0,18,REX,0xb521022EeaD7E7eEe95D30BA1A1f0aB657F83a61,anyREX,0x7683F14614A1F68Ea71474680e80b9bD93Db74D1,32302982
18,29662686,0,0,18,mooCurveAm3CRV,0xAA7C2879DaF8034722A0977f13c343aF0883E92e,anymooCurveAm3CRV,0x7A6C1D5de483688d5dCD8c3cf33cfa2EAaD6e000,31974623
18,29662899,0,0,18,mooMaiUSDC-miMATIC,0xebe0c8d842AA5A57D7BEf8e524dEabA676F91cD1,anymooMaiUSDC-miMATIC,0xdE22E15C6c21B6A8a1266B171FF7F3905C4B1109,32534227
18,31379791,0,0,18,ASTRAFER,0xDfCe1e99A31C4597a3f8A8945cBfa9037655e335,anyASTRAFER,0x91827Bc11CB9bbeD7F4796393CD664Aff9C60f58,32177334
6,31535100,0,0,0,0,0,CCUSDC,0xAF6A19281495E9B75dcFba45c170002083826e40,32361366
18,31558645,0,0,18,UNLOCK,0x930A7Dc10ae084FBbddC6537D7df7d4c65a40944,anyUNLOCK,0x934b640ba45046E65052BC68369Eb316669bEeC3,32524363
18,31578619,0,0,18,BUILD,0xe94845Ac6782A2E71C407ABe4D5201445C26a62B,anyBUILD,0xA833D3a1367D31197fa711CEe2D724e5E0E86610,32469512
18,31759154,0,0,18,BAL,0x9a71012B13CA4d3D0Cdc72A177DF3ef03b0E76A3,anyBAL,0x4AA8E7d82cA4038ffC088EF15eC1679dbA050c04,32472910
18,31817581,0,0,18,SALE,0x8f6196901a4a153d8eE8F3fa779A042F6092D908,anySALE,0x901AB106a543e11AD63d5b57eBE2485200d46E28,32474316
18,31961920,0,0,18,ARTH,0xE52509181FEb30EB4979E29EC70D50FD5C44D590,anyARTH,0x4B641f607570B9053035780615f5b56a91F38F90,32431049
18,31844824,0,0,18,MMF,0x22a31bD4cB694433B6de19e0aCC2899E553e9481,anyMMF,0x0f7Efb2e96B9681950f96D3D18ce0BF68d60fD7e,32533445
18,32037230,0,0,0,0,0,GLMS,0x3c6DAd0475d3a1696B359dc04C99FD401BE134dA,32128557
18,32081851,0,0,18,QUICK,0xB5C064F955D8e7F38fE0460C556a72987494eE17,anyQUICK,0xc8f884783Ea40116ac7ee1893858C21d9d438b6c,32507280
18,31575037,0,0,18,mooQiMai3Pool,0x3CB928f9B49D9bD6eF43B7310dcC17dB0528CCc6,anymooQiMai3Pool,0x23a2d47Af72A9d18B756DfDDEF790cdc1d0e9005,32534222
18,32423951,0,0,0,0,0,MTT,0x6E03c512CBA7023Fc4812C71d030092E6018F421,32533889
18,32436587,0,0,0,0,0,MSHARE,0x67927780E399d839cbA088F75700b49A8896584C,32534354
18,32458869,0,0,0,0,0,METF,0x2F69db9aE23041cC78e3ABf73ee8BB13c14a5f37,32530947
18,32466310,0,0,0,0,0,MUSD,0xfe949DaA7C65a0348e79e5F2Ae2755Df22654Bf2,32474609
18,32489228,0,0,0,0,0,BURROW,0xEe031bc406D919467E1D5DD4Bd8982E8a26F7bA9,32509786
18,21011036,0,0,18,OPEN,0x27a339d9B59b21390d7209b78a839868E319301B,anyxBlade,0x5f1C76b7a90D88EE5BADa971a28AAEF514719dBF,21011036
18,23978089,0,0,18,WMATIC,0x0d500B1d8E8eF31E21C99d1Db9A6444d3ADf1270,anyMATIC,0x5Cb4B462cA075558eF0343db6b55F590e47482E4,23981676
0,25128291,0,0,18,WMATIC,0x0d500B1d8E8eF31E21C99d1Db9A6444d3ADf1270,0,0x2A2749B4D2076F5817c5b35AD274Eec0ABe3B4A9,25128291
0,27201969,0,0,0,0,0,0,0x8cDbdCfA63887Eb7b06018240932f8E25848E398,27202126
0,27203923,0,0,0,0,0,0,0x0E68Bc179f03be38eA275Fc980a7ffeAe4ba1efB,27203923
0,27238832,0,0,0,0,0,0,0xB7fCCeE03fe492a1B0Bfb447B45975d74BCC5099,27238832
0,27274156,0,0,0,0,0,0,0x8b8568ab3899120252A8fF71c6d0E987B3614556,27274156
18,28120724,0,0,18,ROND,0x204820B6e6FEae805e376D2C6837446186e57981,anyROND,0x8239A6b877804206C7799028232A7188DA487CeC,28916264
18,31810384,0,0,18,C4C,0x8Fd0195469b51a935dC3C48617ced6B400E38C9C,anyC4C,0xb4593c161f051F5cA601D4364234Fff8168Afbd5,32465552
18,32240578,0,0,18,HMT,0xc748B2A084F8eFc47E086ccdDD9b7e67aEb571BF,anyHMT,0x1bc3A1E3842145f7A76e8522543C8A7dC8d1b6f9,32240578
9,32372923,0,0,9,KOGECOIN,0x13748d548D95D78a3c83fe3F32604B4796CFfa23,anyKOGECOIN,0x782eA53c37034922753064312bD43b1c67d04c44,32372923
18,21173216,0,0,0,0,0,USDC,0x4B3a922c773BDCF3BA8f1A4FDAc2029E1D0E9868,32418152
18,21174016,0,0,0,0,0,BUSD,0xA8D394fE7380b8cE6145d5f85E6aC22d4E91ACDe,32460864
6,21174235,0,0,0,0,0,UST,0xE6469Ba6D2fD6130788E0eA9C0a0515900563b59,32534186
18,21174426,0,0,0,0,0,SOL,0x7DfF46370e9eA5f0Bad3C4E29711aD50062EA7A4,32350395
18,21174574,0,0,0,0,0,TITAN,0xaAa5B9e6c589642f98a1cDA99B9D024B8407285A,32521197
6,21175150,0,0,0,0,0,USDC,0x2791Bca1f2de4661ED88A30C99A7a9449Aa84174,32533397
18,21175432,0,0,0,0,0,ABR,0x04429fbb948BBD09327763214b45e505A5293346,26639533
6,21175497,0,0,0,0,0,USDC,0x576Cf361711cd940CD9C397BB98C4C896cBd38De,32514387
18,21180194,0,0,0,BNB,0,BNB,0x5c4b7CCBF908E64F32e12c6650ec0C96d717f03F,32073127
6,21180720,0,0,0,0,0,USDT,0xc2132D05D31c914a87C6611C10748AEb04B58e8F,32513076
18,21180881,0,0,0,0,0,LUNA,0x24834BBEc7E39ef42f4a75EAF8E5B6486d3F0e57,32529422
6,21181554,0,0,0,0,0,0,0x018144e4b13A608DC220AbFE042aB145AE360AFD,31467129
18,21184121,0,0,0,0,0,UST,0x692597b009d13C4049a947CAB2239b7d6517875F,32483987
9,21191365,0,0,0,0,0,SOL,0xd93f7E271cB87c23AaA73edC008A79646d1F9912,32399856
18,21191437,0,0,0,0,0,WETH,0x7ceB23fD6bC0adD59E62ac25578270cFf1b9f619,32517405
6,21191857,0,0,0,0,0,USDT,0x3553f861dEc0257baDA9F8Ed268bf0D74e45E89C,32506248
18,21192575,0,0,0,0,0,JPYC,0x6AE7Dfc73E0dDE2aa99ac063DcF7e8A63265108c,21193240
18,21199030,0,0,0,0,0,SUSHI,0x0b3F868E0BE5597D5DB7fEB59E1CADBb0fdDa50a,29844330
18,21203381,0,0,0,0,0,USDT,0x07365017e2436b5C3553028DB2a98d7672fb75Eb,32519752
18,21206035,0,0,0,0,0,PLA,0x8765f05ADce126d70bcdF1b0a48Db573316662eB,21206035
8,21214125,0,0,0,0,0,WBTC,0x1BFD67037B42Cf73acF2047067bd4F2C47D9BfD6,32164839
18,21226327,0,0,0,0,0,1INCH,0x9c2C5fd7b07E95EE044DDeba0E97a665F142394f,22957283
18,21226766,0,0,0,0,0,ETHM,0x96528afFf7742E0542A57237EAa0092EE0e5351a,29529402
18,21229772,0,0,0,BNB,0,WBNB,0xeCDCB5B88F8e3C15f95c720C51c71c9E2080525d,32374000
18,21230473,0,0,0,0,0,DAI,0x8f3Cf7ad23Cd3CaDbD9735AFf958023239c6A063,32420800
18,21254314,0,0,0,0,0,MATIC,0xf4f7b06efFB7d780c97E01a2e365cFc71AaC5046,32467695
18,21260665,0,0,0,0,0,BUSD,0x9fB83c0635De2E815fd1c21b3a292277540C2e8d,31554848
18,21266954,0,0,0,0,0,WETH,0x11CD37bb86F65419713f30673A480EA33c826872,32476938
18,21271356,0,0,0,0,0,UNI,0xb33EaAd8d922B1083446DC23f610c2567fB5180f,30640908
18,21291382,0,0,0,0,0,miMATIC,0xa3Fa99A148fA48D14Ed51d610c367C61876997F1,29364544
18,21312790,0,0,0,0,0,FOX,0x65A05DB8322701724c197AF82C9CaE41195B0aA8,21312790
9,21360515,0,0,0,0,0,0,0x9d4669cAbF1e2fb788543e8ed58e190A968872c8,21360515
6,21360768,0,0,0,0,0,BTC,0x4653dDd751CD1dA6dFc6dd4cBf1F575d17be2e33,31819280
9,21368263,0,0,0,0,0,0,0x8DD58c5a51E0e4aC3701119facF4b300eA412bE5,29768062
18,21392338,0,0,0,0,0,WMATIC,0x0d500B1d8E8eF31E21C99d1Db9A6444d3ADf1270,32479055
6,21393498,0,0,0,0,0,amUSDC,0x1a13F4Ca1d028320A707D99520AbFefca3998b7F,26519757
6,21396232,0,0,0,0,0,LUNA,0x9cd6746665D9557e1B9a775819625711d0693439,32532597
18,21398888,0,0,0,0,0,DAI,0xE6439789d5dD816fbBB4e8662B28e612D86F0304,32223102
18,21402926,0,0,0,0,0,BTCB,0x7Cb11cDFcaB5727ad236B5E9416D3731F2235045,32521215
6,21408236,0,0,0,0,0,USDC,0x4318CB63A2b8edf2De971E2F17F77097e499459D,32397421
18,21411936,0,0,0,0,0,MATIC,0x2a3aA392055bF4E03a1E78307DEFe7d023d20c46,32349112
18,21423377,0,0,0,0,0,ETH,0x2D291e940DbDdaa9E847Ba5cC49451575f086b27,32522149
18,21425456,0,0,0,0,0,DAI,0x732EB1747ecCFC431fF19bc359ffc83755B1918c,30446224
18,21432961,0,0,0,0,0,Eagon,0x2F25d402829cA4085B8Ea4D3BC68Bf203F5a9faB,28708140
9,21448340,0,0,0,0,0,0,0xC1c6F4B28A314221134cb684C7d9c7237225bF3C,21448340
6,21472284,0,0,0,0,0,0,0x53525C9A130987fC593fdcf2774620e424C8E0D6,31591876
18,21477075,0,0,0,0,0,ORION,0x5E0294Af1732498C77F8dB015a2d52a76298542B,32533857
18,21479046,0,0,0,0,0,TORG,0xe9993763E0B7f7d915A62A5f22A6E151F91d98A8,29895779
18,21482960,0,0,0,0,0,ATOM,0xd3aBdC62c68Db7058517bd5Fe0005A0B88ca2A76,28302511
18,21483897,0,0,0,0,0,SPORK,0x9CA6a77C8B38159fd2dA9Bd25bc3E259C33F5E39,21483897
18,21527852,0,0,0,0,0,DATA,0x1D607Faa0A51518a7728580C238d912747e71F7a,21527852
18,21545717,0,0,0,0,0,XTL,0x308B6A5d307Da68E6C4458aB4d8eCB4Aa9388820,21545717
9,21596152,0,0,0,0,0,HOKK,0x5B4d05223A14AEB6160f8400DcBbdD0A84aF60f7,21596152
18,21687348,0,0,0,0,0,SOL,0x32A2fD5b6e37413D63abF3F19fEc833c1aa13824,31869787
6,21703433,0,0,0,0,0,XSGD,0x769434dcA303597C8fc4997Bf3DAB233e961Eda2,21703433
9,21711053,0,0,0,0,0,AVAX,0x9A6d7Cf714Ee67ACAF0bfa31691A19D649E30E97,21711053
6,21733794,0,0,0,0,0,renLUNA,0x00e178857d4515d2e9bFfeAf2Ca01B3610deC909,21733794
18,21741990,0,0,0,0,0,SAND,0x33Af345CeAF1dcA90F622a63bFD7AeBB94Eb54B2,31168741
18,21752161,0,0,0,0,0,TRY,0xEFeE2de82343BE622Dcb4E545f75a3b9f50c272D,25685224
18,21778353,0,0,0,0,0,INT,0x49fFC0D394416d1827AfD9486092704EA17713DB,21778353
18,21784084,0,0,0,0,0,OM,0xC3Ec80343D2bae2F8E680FDADDe7C17E71E114ea,21784084
18,21851024,0,0,0,0,0,TUSD,0x2e1AD108fF1D8C782fcBbB89AAd783aC49586756,21851024
18,21896197,0,0,0,0,0,ENJ,0x29B8ea632128C75eF403Eb8a5f66898C36bEBFE7,21896197
18,21913727,0,0,0,0,0,BODO,0xB5BE79f9ff75a1911D0739c3E7902077784FF72B,21913727
18,21920224,0,0,0,0,0,MYST,0x25A25458a596203c4BA8c73Ddc42F1189904f0c8,21920224
18,21949877,0,0,0,0,0,AVAX,0x2C89bbc92BD86F8075d1DEcc58C7F4E0107f286b,31936764
18,21954836,0,0,0,0,0,PAW,0xBC5b59EA1b6f8Da8258615EE38D40e999EC5D74F,21954836
18,22001105,0,0,0,BNB,0,BNB,0xA649325Aa7C5093d12D6F98EB4378deAe68CE23F,32320264
4,22006487,0,0,0,0,0,CEL,0x83abfFf35499F5Df8423a227465F4C62eD1Ccdcf,30657905
6,22016271,0,0,0,0,0,PRT,0x096831535ddEdBbD6F67157d203895F1e76cf4DC,22016271
8,22025973,0,0,0,0,0,WBTC,0x5D49c278340655B56609FdF8976eb0612aF3a0C3,31931916
18,22058036,0,0,0,0,0,ORION,0x6B7Ea359a66274610B2C1B28b2168B4B83108563,22178771
18,22073578,0,0,0,0,0,FXS,0x75A88DD15E14605C94cFf7B4b249F387653dAFA3,22073578
18,22086815,0,0,0,0,0,SWAP,0xa123d2b153Ed1321d383715Aeb1c31efA68E0cC6,22086815
18,22111489,0,0,0,0,0,FRAX,0xE8CF1d35d4C7DF33eaa8aCAC3A2773B4bc9517C7,28347390
18,22112269,0,0,0,0,0,MANA,0xA1c57f48F0Deb89f569dFbE6E2B7f46D33606fD4,29792745
18,22118900,0,0,0,0,0,WSG,0x8f3DE2616eA52192a927120F2cC8525BafC8614C,22118900
18,22150138,0,0,0,0,0,PBR,0x11bF71AC8ba472e447dc09Cd0403b90B1f40feC8,22490591
18,22232697,0,0,0,0,0,BUSD,0xdAb529f40E671A1D4bF91361c21bf9f0C9712ab7,31852291
6,22255567,0,0,0,0,0,SRM,0x0BDc7767Be68cfBECFC9a90cDc7D0c1C8d215D08,27062445
18,22284765,0,0,0,0,0,EZ,0x34C1b299A74588D6Abdc1b85A53345A48428a521,22284765
6,22308007,0,0,0,0,0,USDT,0x9417669fBF23357D2774e9D421307bd5eA1006d2,32438570
18,22318369,0,0,0,0,0,TXL,0x8eEF5a82E6Aa222a60F009ac18c24EE12dBf4b41,22318369
18,22355207,0,0,0,0,0,SOL,0x0652c12B69379681fdFFbe5E59f5feAa131B3953,22355207
8,22362780,0,0,0,0,0,HEX,0x23D29D30e35C5e8D321e1dc9A8a61BFD846D4C5C,22444656
18,22371392,0,0,0,0,0,SUSHI,0xdbeda73aC4C8277861173D51025f6d93ed8896e2,28825565
18,22409262,0,0,0,0,0,FTM,0xB85517b87BF64942adf3A0B9E4c71E4Bc5Caa4e5,32507485
8,22505184,0,0,0,0,0,renBTC,0x3063C361D32B2d18FE00eb88378d10bf9Ff50F03,27430041
18,22513317,0,0,0,0,0,ANGEL,0x9b569Af839775D4bcED9e80ff8aDC485d2062C08,22513317
6,22524606,0,0,0,0,0,LINK,0xB009950702980f546B7F066Cb959183A9E380011,24251717
18,22540136,0,0,0,0,0,PBR,0x0D6ae2a429df13e44A07Cd2969E085e4833f64A0,22566102
6,22553981,0,0,0,0,0,MNGO,0x214c9481D1c8b6461859E308f04aC83F4C07657a,22553981
18,22557926,0,0,0,0,0,FTM,0xE4730B085089b43A518e18c0beF636bc87907aE4,32096394
18,22572897,0,0,0,0,0,0xMR,0x52eDe6bbA83B7b4Ba1D738Df0dF713D6A2036B71,22572897
9,22582986,0,0,0,0,0,0,0x0769767844C77106E8B18F42923E3244ED41b73B,22582986
18,22594316,0,0,0,0,0,APYS,0x14743E1c6f812154F7ecc980D890F0F5234103e7,22594316
8,22620451,0,0,0,0,0,XBNCH,0x8177DD1F0082BD4eb1E55a2932Cc92EC90ac0D7A,22620451
18,22671525,0,0,0,0,0,GAIA,0x723B17718289A91AF252D616DE2C77944962d122,22671525
18,22677535,0,0,0,0,0,SAND,0xC6d54D2f624bc83815b49d9c2203b1330B841cA0,22677535
18,22770719,0,0,0,0,0,agEUR,0xE0B52e49357Fd4DAf2c15e02058DCE6BC0057db4,31005896
2,22778636,0,0,0,0,0,BRIDGE,0xCDD5658BD60c89d2DF1f4F5Ee92D0350711BeDBA,22778636
18,22789388,0,0,0,0,0,MNK,0x6C5e7751a330F26B486f15Bd8FcA849CD5b43359,22789388
18,22825159,0,0,0,0,0,USDT,0x912239f35863cE534e1A6803FAD80AFB8fC24250,22910690
18,22828627,0,0,0,0,0,FXS,0x0444BD30f7D877CD65FB6635BAb2B6b505Cb3Ad3,29718058
6,22835629,0,0,0,0,0,USDT,0x91Ff78aE858498E6F6E884f78B6E5BE892c706Af,22835629
9,22837787,0,0,0,0,0,0,0xF512275B8f28508A76193843a883205Affbd7Bd5,22837787
18,22844813,0,0,0,0,0,IF,0x07db3ca629Ce993788726b8D2ADDD146a047230c,22844813
18,22853246,0,0,0,0,0,SHIB,0x6f8a06447Ff6FcF75d803135a7de15CE88C1d4ec,30477218
2,22869807,0,0,0,0,0,CPR,0xaa404804Ba583c025Fa64c9a276A6127CEB355c6,23989431
18,22875905,0,0,0,0,0,AAVE,0xD6DF932A45C0f255f85145f286eA0b292B21C90B,29976785
18,22881179,0,0,0,0,0,EZ,0x903143C5adf2266099F4d172C3B95D4166e894D2,22881179
6,22899149,0,0,0,USDC,0,USDC.e,0x2E3EED2Fe72ECca967750E9514F8A48754a9ef41,31732710
18,22900133,0,0,0,0,0,WAVAX,0x7Bb11E7f8b10E9e571E5d8Eace04735fDFB2358a,32452565
18,22902644,0,0,0,0,0,WND,0x982927c3933869a930f4c64138aDbd828F2D858f,22905597
18,22905775,0,0,0,0,0,ARDM,0x87ee9B1D25d7fd609CAadBa5f8c14F4e219650bD,30342045
6,22910286,0,0,0,0,0,USDC,0xAEA5CC14DefbC1b845FDE729E563B717Ee6825ae,32480988
18,22914933,0,0,0,0,0,SUSHI,0x39ecFC5941DfB0BF9FEde32BA1a8a2a36B0b9d7b,25529794
18,22953266,0,0,0,0,0,DPI,0xdeff3e9ac7D65Aaba522837487A62d41F80aAEac,22953266
18,22962476,0,0,0,0,0,AAVE,0x2ce53DAEc44612d0E85E0dD542a5bCB627C1B17d,29557138
18,22973755,0,0,0,0,0,dQUICK,0xf28164A485B0B2C90639E47b0f377b4a438a16B1,22973755
8,22982108,0,0,18,WPC,0x6F620EC89B8479e97A6985792d0c64F237566746,pMATIC,0xC1B02E52e9512519EDF99671931772E452fb4399,22982108
6,22987390,0,0,0,USDT,0,USDT.e,0x26ddF72C02b7e8D5422e44052E23b3E9A6a5443B,31895225
18,22995230,0,0,0,0,0,MAI,0x6694987F62C1D318030F5696698542D69cdFA186,29379005
18,23004911,0,0,0,0,0,ICE,0x0A6f24577C4c2125268d34273Dd8516476e9aF6b,27750437
18,23018495,0,0,0,0,0,WBUSD,0x87ff96aba480f1813aF5c780387d8De7cf7D8261,28196241
18,23021193,0,0,0,0,0,PSP,0x38C4aFD8A34517eF6809125150eE593d104606E7,28075485
6,23030044,0,0,0,0,0,SUSHI,0x0ffA1d38199B323b4F1eBD6D805d196Dcc91131d,25187769
18,23079478,0,0,0,0,0,QUICK,0x831753DD7087CaC61aB5644b308642cc1c33Dc13,30740569
9,23111372,0,0,0,0,0,IGT,0x9Fd1881637bCe4c8C400754c2Cc252bdD535f48B,23111765
8,23112763,0,0,0,WBTC,0,WBTC.e,0x7A235F38dD07D8Ebe7d6d4Abd259324dC0b3617B,31374812
18,23116477,0,0,0,0,0,SNP,0x6911F552842236bd9E8ea8DDBB3fb414e2C5FA9d,23116477
7,23128703,0,0,0,0,0,ISLAMI,0x9c891326Fd8b1a713974f73bb604677E1E63396D,23128703
18,23141737,0,0,0,0,0,ADA,0x5b5d3A4b8Ef6b3B6C817c9546C1a0B03F154b5c3,23141737
18,23142578,0,0,0,0,0,ONE,0x6b7a87899490EcE95443e979cA9485CBE7E71522,32385521
18,23168572,0,0,0,0,0,DNC,0xBE32B7ACD03bcc62F25EBaBD169a35e69ef17601,23459338
18,23172847,0,0,18,WMATIC,0x0d500B1d8E8eF31E21C99d1Db9A6444d3ADf1270,AMT,0xedBe70ef62b74730215728eD6B3F1f8705E3c58B,23172847
18,23195805,0,0,0,0,0,EROWAN,0xa7051C5a22d963b81D71C2BA64D46a877fBc1821,29148221
18,23197138,0,0,0,0,0,gOHM,0xD5cb92884f5773b4C7A0bd41A5ac19aaf6aD1D2e,23197138
18,23265836,0,0,0,WETH,0,WETH.e,0x2912b3a9586Fc2AB177dC869e878c688DAA7d06E,29509682
18,23266678,0,0,0,0,0,BIFI,0x28502cFEAA4f9B8f56b7308373D65c0e0d14b2C3,27525906
18,23267560,0,0,0,0,0,XA9,0x1b12bDef2d562E19dd3B8cB66F61f1e1b714d491,23267560
18,23321619,0,0,0,0,0,PPAY,0x2db2f0f4B5678f277548CD648cD33462F8d94c48,23321619
6,23325937,0,0,0,0,0,RAY,0x5D0D8D062eb1F0971385BAE419BC5cf745cD10b0,23325937
18,23363163,0,0,0,0,0,MCHC,0x7528cEcB3F2190A19DCE6D866128DFB5F52cD424,31293068
18,23393261,0,0,0,0,0,CHAIN,0x7daD646bC6ab042042af5c6154c2FF85Cb1B18BD,23393261
9,23422910,0,0,0,0,0,AMPL,0x4C078Dba41506b95E5853130c128958C8c9bBcFB,30830976
18,23451874,0,0,0,0,0,WROSE,0x7325E829371E70c35a50F2252d88eeDd6A77236e,23789854
18,23455945,0,0,0,0,0,LINK,0x53E0bca35eC356BD5ddDFebbD1Fc0fD03FaBad39,32056569
18,23478496,0,0,0,0,0,IDEX,0x9Cb74C8032b007466865f060ad2c46145d45553D,29751103
9,23503353,0,0,0,0,0,AMPL,0x0247a35922D324E79965D0EBf8F324f72eEaFFDa,23503388
18,23518232,0,0,0,0,0,wOMI,0xAAF165e75B4C9370d22b971AF08c630e76Bfa70c,25501679
18,23525877,0,0,0,0,0,FTM,0xC9c1c1c20B3658F8787CC2FD702267791f224Ce1,24154298
18,23605724,0,0,0,AAVE,0,AAVE.e,0x4E6868BeAE8604ee327e5E5E8ead11BE83E5C269,28962886
18,23646065,0,0,0,0,0,cUSD,0x151517aF77B06D9593F3eD41AbECdD349316E006,23646065
18,23657801,0,0,0,BNB,0,oBNB,0x7e9928aFe96FefB820b85B4CE6597B8F660Fe4F4,23657801
6,23660219,0,0,0,0,0,SBR,0x7686E89BC3d657AB23eECC712c8c79548971eb23,23660219
18,23699372,0,0,0,0,0,KTA,0xE3f415E7d9ae12A691d02D0C21ef5c56592CEaD7,23699372
18,23706594,0,0,0,DAI,0,DAI.e,0xA98332DF17C6a926BC74720932eD972Adc960C0D,30493846
18,23713708,0,0,0,0,0,MUA,0xdfeEB5661ef760A1c565Caf07A50aCa182EaFceE,23713708
18,23719740,0,0,0,0,0,MIMIR,0xfcE3C7971a4CD4B7dd700e9e45c034b8A22a0b6E,23719740
6,23736481,0,0,0,0,0,0,0x81582BFD57017cf7B88B5d24d9af8050c84f3806,23945046
18,23740856,0,0,0,0,0,VENT,0xa4462990c108D3C98eA08D9a789c12331332BB44,23740856
18,23770979,0,0,0,0,0,ELON,0xE0339c80fFDE91F3e20494Df88d4206D86024cdF,27836527
18,23811188,0,0,0,0,0,KTE,0x20828B944A9B3c19916DeC685Da8489DE6db28D5,23811188
18,23833381,0,0,0,0,0,RAD,0xb4EeF1853F04AEef75F5C476dD27170AF2f8C124,23833381
18,23844923,0,0,0,0,0,GTTR,0xef7294D508D86AAfd73c87028a1b9214baB4C5C3,23844923
18,23853802,0,0,0,0,0,wROSE,0x3d28F1C4B06CdC966f805AC9Cfc1A7c62c8eFD94,31599753
18,23898473,0,0,0,0,0,GOVI,0x312d9E334B1675346ceeC127E4E7A4BCb7957731,23898473
18,23923736,0,0,0,0,0,MIM,0x984DbfE171e254C1C00Ea9Ae953661C919a4C617,28128351
18,23991374,0,0,0,0,0,AMP,0x61865a27c549D38b8b8C17cbb477b51cdF95e1f4,23991374
18,23997601,0,0,0,0,0,GTPS,0x26d326B1fc702260baeB62334d7c1Da6f1a2C386,31701723
18,24012528,0,0,0,0,0,DG,0xA957665e9012fbC0882fB421194f80797b38b2cE,24222028
18,24068390,0,0,0,0,0,INSUR,0x43DD71C20c96562fD999Ff5905aE032f87c3E476,25791490
18,24080036,0,0,0,0,0,MCO2,0xAa7DbD1598251f856C12f63557A4C4397c253Cea,24080036
6,24104726,0,0,0,0,0,EURT,0x7BDF330f423Ea880FF95fC41A280fD5eCFD3D09f,24104726
6,24107087,0,0,0,0,0,TRYB,0x4Fb71290Ac171E1d144F7221D882BECAc7196EB5,25188257
6,24117552,0,0,0,0,0,USDT,0xB2e11DE581809F411243d3Ff48CA87e632eB241A,25649234
18,24145926,0,0,0,0,0,MANA,0x1eA5147ca7640798d84194A30E8E58BFBfAFd4dc,28463400
18,24211542,0,0,0,0,0,ANGLE,0x02d4b9709aA78Fcafe0babc8b9adff37C17560e0,25644104
18,24230390,0,0,0,0,0,SAND,0xBbba073C31bF03b8ACf7c28EF0738DeCF3695683,32310131
9,24294232,0,0,0,0,0,AMPL,0x0c7B6fCdc921E1E8b092b55cd3f7fF9d10987a4C,24294232
6,24363458,0,0,0,0,0,USDT,0x7FFB3d637014488b63fb9858E279385685AFc1e2,28687841
18,24401482,0,0,0,0,0,WMATIC,0x358AA13c52544ECCEF6B0ADD0f801012ADAD5eE3,24401482
18,24437570,0,0,0,0,0,MTK,0x0fE06995119C7B7b21C853613BF50028fd12Ec24,24437570
18,24443200,0,0,0,0,0,NVGD,0x3902355685914142CB4a2588609b819ed8957ACb,24443200
18,24447827,0,0,0,0,0,bat,0x30A8e1c256143AD440faa9042722929B0BC0Fc7D,24447827
18,24463458,0,0,0,0,0,LINK,0xa532fFd1cbe93272451714c89e3CdF8aE5362fb1,30604511
18,24470838,0,0,0,0,0,CRV,0x0cA229214942bD85980909F6270F688d1c9208Fa,24470838
18,24504124,0,0,0,0,0,wBAN,0xe20B9e246db5a0d21BF9209E4858Bc9A3ff7A034,24504124
18,24553418,0,0,0,0,0,DATA,0x3a9A81d576d83FF21f26f325066054540720fC34,24553418
18,24584179,0,0,0,0,0,GFI,0xd52D9bA6FCBadB1FE1E3aca52CbB72c4D9bbb4eC,32083248
0,24654700,0,0,0,0,0,OVR,0x8098a253B86c697908ce127a570046B46A56859c,24654700
18,24655550,0,0,6,USDC,0x2791Bca1f2de4661ED88A30C99A7a9449Aa84174,anyUSDC,0x893A397ECbFBaD6f8aC8e18D2B699342B3292b39,28760461
18,24672884,0,0,0,0,0,CELO,0x2A3684e9Dc20B857375EA04235F2F7edBe818FA7,24672884
6,24679710,0,0,0,0,0,WOO,0x3c6D3Cf022CE07eaEd90e3EF89c0BFE604362352,24679710
18,24730713,0,0,0,0,0,ISP,0x1e289178612F5B6d32f692E312DcF783c74b2162,24731123
6,24735531,0,0,0,0,0,hUSDC,0x9ec9551d4A1a1593b0ee8124D98590CC71b3B09D,25458938
0,24757086,0,0,0,0,0,CHI,0x0000000000004946c0e9F43F4Dee607b0eF1fA1c,30126154
9,24838983,0,0,0,0,0,METAMUSK,0x846e21D68d4f504c811d1015f16Dd9bB0F02B6aE,24957706
9,24843317,0,0,0,0,0,SAITAMA,0x2d4678E71590c56Eb37869832a3642c405e1C252,24843317
9,24848069,0,0,0,0,0,0,0x82BB42C7Cad269674c9C0e1EE735BEeD2793C032,24848069
6,24888547,0,0,0,0,0,FIDA,0xb83218520B9515C645c09953235C20936beEfB42,27161057
6,24907041,0,0,0,0,0,ceUSDC,0x3f37e5b2bb92100e5c4549D9984b92815f5E3E14,31888024
6,24986891,0,0,0,0,0,SNY,0x02836036380e9613BC9a1992Fff9e17bd9f5a982,24986891
18,24990912,0,0,0,0,0,METAMUSK,0xD902A06035C2724b4D66E9D26DE46232B64971aF,25801994
18,25065534,0,0,0,0,0,HAKKA,0x978338A9d2d0aa2fF388d3dc98b9bF25bfF5efB4,25065534
18,25067216,0,0,0,0,0,PECO,0xA9536B9c75A9E0faE3B56a96AC8EdF76AbC91978,25068676
9,25188148,0,0,0,0,0,0,0x09A1AeB2aA97C3fd4cf4970C1Bf077b663F8e7eB,25188148
6,25189438,0,0,0,0,0,0,0xFa156ceC4285dF67980db4Aa44082d63Da742cDB,25189438
18,25200618,0,0,0,0,0,OWL,0xAd7cef31accbe495193e5b06bD8e439C97D903Da,25200618
9,25238090,0,0,0,0,0,MNDE,0x4e64D8B044a8b126038ECE729b17D8102Af763af,25238090
18,25331926,0,0,0,0,0,AMP,0x7C598c96D02398d89FbCb9d41Eab3DF0C16F227D,25331926
18,25337490,0,0,0,0,0,JRT,0x596eBE76e2DB4470966ea395B0d063aC6197A8C5,26327087
6,25352530,0,0,0,0,0,USDt,0x32279A16358B5B1EfE1b3412d3aab9CFEbC54B4d,31266961
18,25463198,0,0,0,0,0,WMATIC,0xE389Ac691BD2b0228DAFFfF548fbcE38470373E8,25794134
18,25620592,0,0,0,0,0,LDO,0xC3C7d422809852031b44ab29EEC9F1EfF2A58756,30950482
18,25664036,0,0,0,0,0,IRON,0xD86b5923F3AD7b585eD81B448170ae026c65ae9a,25664036
6,25754553,0,0,0,0,0,LUNA,0x5b175F39A08C32dac35344494890CB66a50Da406,29085796
18,25755568,0,0,0,0,0,ICE,0x4A81f8796e0c6Ad4877A51C86693B0dE8093F2ef,25755568
18,25792054,0,0,0,0,0,anyUSDT,0x71E86AAA5A0A2dA16331961f3959C273dC4685eF,29327032
6,25835865,0,0,0,0,0,WDNR,0x21046B598AA9ec5d24Ff61732bB48394E088F476,28996733
18,25979236,0,0,0,0,0,WETH,0x0749902ae8eD9c6A508271BAd18F185dBA7185d4,26789418
18,25983647,0,0,0,0,0,USDINDEX,0x58eE50d72904C62Aca4D712648f9edd85f63D056,26013710
6,25999141,0,0,0,0,0,USDC,0x027c7e7e0f2e362B4d80EEab28661396b7663E67,32359616
18,26013057,0,0,0,0,0,ibIndexMATIC,0xb136c1B2a72d3554eaaB8477c39E07A51AA2AfCe,26813017
18,26057509,0,0,0,0,0,50WETH-50WMATIC,0x081d0a53EE9c3e346ff2267AF7a3C09B19fC8125,26057509
9,26063863,0,0,0,0,0,0,0xf844f84A88380603528D9cC9243ABaeFc48354fF,26432963
18,26092633,0,0,0,0,0,UNI,0x5d56B1454f62e992D29DDF287B87328D5E557B88,26092633
6,26114205,0,0,0,0,0,UST,0xE83B0C098cb04d0d07252a22340fc6b9281559C2,32074734
6,26119653,0,0,0,0,0,UST,0x44D104D86f248846e0F7D6A07Cd7b1AB53A53d46,26673413
18,26123149,0,0,0,0,0,ELONINDEX,0x35aC92580eb672d9c76FeE4228165F6eF224c334,26932902
18,26227506,0,0,0,0,0,WETH,0x4411146b7714F5dc7aA4445fCb44E3ca120C8A1E,26227506
18,26227738,0,0,0,0,0,TN-MVV1-ETH-CALL,0xa0759c71Bf30eA958D7C67D280314f0655aee5Bc,26421080
18,26230962,0,0,0,0,0,WETH,0xd9F0446AedadCf16A12692E02FA26C617FA4D217,27438778
18,26296137,0,0,0,0,0,https://thrust.zone/dextools,0x98C565a2318C3f180E47edD68893375779186B34,28869230
18,26389577,0,0,0,LINK,0,LINK.e,0x28A162B5F769147A8Cf22401cf51Fe5Cc1ABE12e,28962238
9,18301869,0,0,0,0,0,ONT,0xD4814770065F634003A8d8D70B4743E0C3f334ad,31983680
18,26444820,0,0,0,0,0,WFTM,0x3726831304D77f585f1Aca9d9841cc3Ef80dAa62,30699197
12,26446412,0,0,0,0,0,HANU,0x709A4B6217584188DDb93c82f5d716D969accE1C,29182656
8,26472030,0,0,0,0,0,BTC,0xecaDd9D3c8d54A19F5E1Ed4Aef478d91C7fB8bFD,30796868
18,26479659,0,0,0,0,0,RAIDER,0xcd7361ac3307D1C5a46b63086a90742Ff44c63B3,26479659
18,26490030,0,0,0,0,0,BAT,0x7824Ad02eD5DaB6b9De226C8918276fEcFe70430,26490030
18,26494972,0,0,0,0,0,FRAX,0x45c32fA6DF82ead1e2EF74d17b76547EDdFaFF89,27855748
18,26514144,0,0,0,0,0,RANDOM,0xeAbc715a42304f57660E91CB3616d8AECb59203B,26515351
18,26550197,0,0,0,0,0,BLOK,0x229b1b6C23ff8953D663C4cBB519717e323a0a84,26574264
18,26553117,0,0,0,0,0,MM,0x82257adf9f71850f082695fFBd461EdcceAbAd24,26553117
18,26581580,0,0,0,0,0,QI,0x9F73c96f49Cd0754b9e455BC7F07197b0e74D233,29797496
9,26596544,0,0,0,0,0,SVIB,0x48FC617bBC380A9B5BD90fb5Ab44Baa7c6793Bcb,26596544
18,26633672,0,0,0,0,0,SUPER,0xa1428174F516F527fafdD146b883bB4428682737,27772266
18,26643627,0,0,0,0,0,JPYC,0xd2b31ea5AFC4fFB8047e37B0b72d7BdB0e0a3056,26643627
18,26665196,0,0,0,0,0,crv3crypto,0x6EAaac1783f10E85e3D68B5cD11DD6771154850A,26665196
18,26672525,0,0,0,0,0,ETH,0x8bcfb543cFa3882fba33Fa17eAf32BD9218E8e1b,31932165
18,26681300,0,0,0,0,0,TITANO,0x04a2E77713b26b4b4985B5C414eBd2CA1eE02AD9,26681300
18,26681542,0,0,0,0,0,SPHERE,0x8D546026012bF75073d8A586f24A5d5ff75b9716,26681542
18,26703505,0,0,0,0,0,PSP,0x42d61D766B85431666B39B89C43011f24451bFf6,26703598
18,26716994,0,0,0,0,0,CGG,0x2Ab4f9aC80F33071211729e45Cfc346C1f8446d5,26716994
18,26726140,0,0,0,0,0,USDINDEX,0x5774571c35dDF35CBcB966c74955f50698B836c4,26726140
18,26762922,0,0,0,0,0,DAI,0xa9CAD1E6F6AFcCbcaac94774001338DE32689ba9,29783746
18,26835216,0,0,0,0,0,PMON,0x22483D5ba5e7f13A3667010330b0cAE28251d486,26835216
18,26863269,0,0,0,0,0,POLYPAD,0x30eA765D4DDA26e0f89e1B23A7c7b2526B7d29ec,28704792
8,26865651,0,0,0,0,0,renBTC,0x3A631cC97B0ed57f21092c116fb9bc7a77e02BE0,28286501
6,27047928,0,0,0,0,0,aUST,0xF28672b9DeA2611a2d22AB78Cb54cE2DD315aEaa,28607493
18,27086051,0,0,0,0,0,BULL,0x3FA58FF9AA8CE23941f257766D948f66c01b4a15,30389664
18,27100019,0,0,0,0,0,START,0x6Ccf12B480A99C54b23647c995f4525D544A7E72,27100019
8,27178461,0,0,0,0,0,renBTC,0xd9F1A666a7E8d1991b45bf80Ab35edbfD5d885D4,27178461
18,27223830,0,0,0,0,0,MATIC,0x976E0709b250983f6c7b2ddD5aE7A5FF8Cc751eb,31526841
6,27229621,0,0,0,0,0,USDC,0xe9f0578D7672ee0025892cA87B2c38f719a0Ee00,31844296
6,27259951,0,0,0,0,0,fUSDT,0xe66F98F7731E70732E56c013B352a9CA92338292,31747217
18,27323051,0,0,0,0,0,JRT,0x16E4E9bf0EFbE4eDa76023F6225A50B40a274F6d,32310029
18,27334770,0,0,0,0,0,ONE,0xF018e48fc1A893316F8E6d0058AC98D7e5692DAC,27334770
18,27339213,0,0,0,0,0,AUDT,0x91c5A5488c0dEcde1Eacd8a4F10e0942fb925067,27339213
9,27359914,0,0,0,0,0,SOLX,0xB98C5691A7e2bc18Ee666508CB3EE7d8b3918f26,27359914
6,27378814,0,0,0,0,0,ATOM,0xac51C4c48Dc3116487eD4BC16542e27B5694Da1b,27378814
9,27391436,0,0,0,0,0,0,0xce2b080bef513fBD02056143166c12A02f794e2f,27391436
18,27391748,0,0,0,0,0,LDO,0x2CA4c4425ba34dE0C944aA02210fcc629d5E4832,31801055
18,27397578,0,0,0,0,0,PolyEUBI,0x553E77F7f71616382B1545d4457e2c1ee255FA7A,27397720
18,27460249,0,0,0,0,0,MNTO,0x19C48C54A66F7D221Ba2d4C7960b10D20A01033c,27460249
18,27472917,0,0,0,0,0,ICE,0x4e1581f01046eFDd7a1a2CDB0F82cdd7F71F2E59,32109600
18,27489451,0,0,0,0,0,MNTO,0x4C9f66B2806538cf00ef596E09FB05bcb0D17Dc8,27489590
9,27563339,0,0,0,0,0,FLOKI,0xC0Ee755Fb71f0219eEf53a4647A38A81cdAD9975,27563339
18,27646967,0,0,0,0,0,SD,0x1EF834Ca52cD107842ADA177392dE169E0B6b997,32345799
18,27655240,0,0,0,0,0,SCA,0x8371EC2aaB2FCBc76227d6B458d3546f27695705,27655240
18,27681354,0,0,0,0,0,RTM,0x6b9a80572382159D3656ea43beA144f1151ccce7,27681354
18,27681465,0,0,0,0,0,WETH,0x871Fa97323A137bEEe6c4e1648Eb5B73826E9a6B,31156803
6,27696958,0,0,0,0,0,deUSDC,0xbBf1C52Ab081cA70FAf6A0F3EC129510e6b56C1D,28327851
9,27702660,0,0,0,0,0,0,0x366Aefb889CF268Ea2E50306035153cFabaB95Ac,27702660
18,27758405,0,0,0,0,0,SAND,0x3c88CB5555569A97CE45200C8e9C54bd084A000A,27758405
6,27764789,0,0,0,0,0,USDC,0xC1F91c1716c644Fb44C9cf2950f63CDDcF738A77,27764789
18,27793676,0,0,0,0,0,ANML,0xEcc4176B90613Ed78185f01bd1E42C5640C4F09d,27880381
6,27835355,0,0,0,0,0,USDC,0x9E194218Afdc89a2a7934a8DD8B4d8BBaC008E3B,30904638
6,27898905,0,0,0,0,0,deUSDC,0x1dDcaa4Ed761428ae348BEfC6718BCb12e63bFaa,28337741
6,27942766,0,0,0,0,0,indexUST,0xa6C5ba2bA27493Eb9F96Cf15f3861df3C5fdFC02,27943366
18,27956161,0,0,0,0,0,CRV,0xfF8eDf95Eca8B05faaf2fA9f55D1dA95df232E08,27956161
6,27979929,0,0,0,0,0,deUSDC,0xa2Ea482178E00155737567279fF7f1C2C46A2BE4,28002157
18,28006069,0,0,0,0,0,CRV,0x144D78e6b3aF32ad6aBB7247b8607C3CAAa2594e,31660162
8,28071357,0,0,0,0,0,GTF,0xb99224e7D1e23f3C5B81a6f3d71Cf02bB8B84c61,31854720
18,28071462,0,0,0,0,0,TGL,0xfF8C008623cFF3855e687E0798F8a80614E4D2DD,28071462
6,28074459,0,0,0,0,0,USDT,0x20D87339D990AD99cFc109419BC392bd79fe6bcD,31518605
18,28141091,0,0,0,0,0,SD,0x1d734A02eF1e1f5886e66b0673b71Af5B53ffA94,32455479
6,28244740,0,0,0,0,0,indexUSDC,0x35b51Ff33bE10a9a741e9C9d3f17585e4b7D15C0,32525841
18,28262607,0,0,0,0,0,LUCID,0x8A2505E1c5ccE5584b9C9950537d729A6AE841E7,28262607
18,28268806,0,0,0,0,0,BAND,0x64d38Df7f0258c1C8ACCDb70f25E508DC9F47A43,28268806
18,28273413,0,0,0,0,0,bETH,0xDf9c08BfdB5A21351b1DC9d4B3348f0F8cB0E7bA,32309639
18,28281721,0,0,0,0,0,IDEX,0x86eC18321Fe54285D9D9470D3e45E1A2DB169804,28281721
18,28287185,0,0,0,0,0,WUSDC,0x9F268a53c8147b0FE93B540326eEE7B5147E7Bd9,28287185
18,28309616,0,0,0,0,0,WFTM,0x2FA14D392d7e85905606023f58f4cbfbEF285969,30965517
6,28317012,0,0,0,0,0,LUNA,0xD1b80bD2510B5b101d0F1Dfef0E2F4eD7a8ff8B3,28317012
6,28320413,0,0,0,0,0,LUNA,0x2AF2D208A383e3C67D06aBafE7103f429d153BD2,28320413
18,28418083,0,0,0,0,0,BUSD,0x4F8090da25dE0f92591C125b064fF187d1E8Daea,28418083
18,28432445,0,0,0,0,0,DEI,0xDE12c7959E1a72bbe8a5f7A1dc8f8EeF9Ab011B3,30312370
18,28468746,0,0,0,0,0,DEI,0xBeD2841197906f5Ecab6c85af5E2100F206d854A,32062037
6,28482223,0,0,0,0,0,USDC,0xc86c1eEB3a54925A2cac9f8062c5A01373720f7c,31977837
9,28550477,0,0,0,0,0,BITD,0xaA964F0355f7DE86E1E3D4825fA7F7d9B5e97e75,28550477
18,28580556,0,0,0,0,0,MHUNT,0xb4d1e7A33a994B24018e8ef5aB32FdbB37f91cf3,28580556
18,28598156,0,0,0,0,0,XCAD,0xfDDF8745B22621E16CFb5E5B54f2d28A4ced64Ff,30175137
8,28676112,0,0,0,0,0,NEXM,0xC88640B734fEA3b35c132Fe757AeB5ca6C8cDC66,32388433
18,28676476,0,0,0,0,0,AAVE,0x81eB78408049258721e8CF68e1B89e93ca49f374,30805077
9,28684803,0,0,0,0,0,TRUEHN,0x9d9F8a6A6aD70D5670B7b5Ca2042c7E106E2fB78,31555328
18,28694627,0,0,0,0,0,FITFI,0x6e44fff6053bfa993eB72e244Dff5Bd428699153,28694627
15,28710252,0,0,0,0,0,TRUEHNG,0x1C037A9fcA50668B828905c954CABcbCf89A74D3,30323714
18,28747337,0,0,0,0,0,USDT,0x4a7289b9879d483950fd2447b668940C99867F9D,28748876
18,28778487,0,0,0,0,0,GGT,0x1Af8352B83CF649Ee2EC2315BF822AF1756C4014,28778487
18,28804016,0,0,0,0,0,CHER,0x8f36Cc333F55B09Bb71091409A3d7ADE399e3b1C,28804016
6,28804702,0,0,0,0,0,PLY,0x0Cfa5fC1E19CF6b74BDbf1F00993ee91B67Bed03,29023603
18,28826769,0,0,0,0,0,ANGLE,0x900F717EA076E1E7a484ad9DD2dB81CEEc60eBF1,28826769
9,28854669,0,0,0,0,0,ZINU,0x21F9B5b2626603e3F40bfc13d01AfB8c431D382F,28854669
18,28855987,0,0,0,0,0,LP-USDC,0x189Cc517bcFd89136eb2030C0CD1081491EB1F68,28855987
9,28906828,0,0,0,0,0,LUNA,0x7A0f6f4e6c733a22e2Da53edD4589c60B11a06b9,28906828
18,28921517,0,0,0,0,0,UCF,0x677D154c0bfD7D4A87fB7068E12182DbCd1cd023,28921517
18,28927606,0,0,0,0,0,miMATIC,0x4A5484aF50f416493E5D3628EC368989e55De717,28927606
8,28964836,0,0,0,0,0,KOLO,0xe86d9EC1D851Db6c2f018BE83C8B62FFbb06d627,28964836
18,28983617,0,0,0,0,0,EGG,0x47e02Da8D02C4E8E3787586Fe709f5d281857087,28983617
18,28988806,0,0,0,0,0,FRXST,0xAd7153e9B8C227ec8311Ba781cAA6Edb623C7475,28988806
18,29016025,0,0,0,0,0,XUSDP,0xCE172359C7E94cf77068f9054eCd3a380d749989,29016025
18,29023471,0,0,0,0,0,SMOKE,0xdc4846FeaE10AcC7caA38fd8aa46CD81A60F1Fc3,29023471
18,29046928,0,0,0,0,0,RADIO,0x613a489785C95afEB3b404CC41565cCff107B6E0,29046928
18,29053482,0,0,0,0,0,WETH,0x0D56d6412B3D89b05c8F07e393584dC07Cf236CC,29053482
18,29063026,0,0,0,0,0,RR,0xD7ad01E751ec7610e558Bb4A56E8a034620d4659,29063026
18,29125055,0,0,0,BNB,0,WBNB,0x1342ed3C4BC9Ae94e4cbf3eBe20CF6Ecf21e7cD2,30745100
9,29147449,0,0,0,0,0,0,0xe4C9bb18E6AF3B43c232BB51B1FD357D9f2cc0d7,29147449
18,29191143,0,0,0,0,0,LFG,0xF338D97C2040069F553344F16d217aa259e70573,31433552
18,29215919,0,0,0,0,0,WINS,0xEa6281E667056aABD181AFbC94f7D070AC1DA5C1,29215919
9,29230831,0,0,0,0,0,SAFUYIELD,0x106173aD78bcdE6b7DF57068FC8Eb9fdE6CEfbe1,29230831
18,29236630,0,0,0,0,0,MIM,0x551F0e16E7Dd0DA592f9692502a261F19Efd0FD6,31926740
18,29244272,0,0,0,0,0,RISE,0x9b1850792431990FCAB46e9fCC9d07394E120689,29244272
18,29247488,0,0,0,0,0,FRAX,0x7d62c1ec7066Dbb9F14dB1D8c903b1d65461D903,29247488
6,29251952,0,0,0,0,0,USDT,0xB5B70EFB0fE7972212B738BDA60F97e731048b26,32334759
18,29269035,0,0,0,0,0,VIVE,0x47FE30058ddE75d40064d0720ddeDDD18208D44d,29269035
8,29275691,0,0,0,0,0,BTC,0x31B9B2f5891Ed9a7598789Ae3a675d40cD067b22,32327070
18,29284200,0,0,0,0,0,SPRT,0x09e653838814796cd8dd01386B57f9343C43C038,29729339
18,29291870,0,0,0,BNB,0,BNB,0xC75d844767Bc8e75d86a9ae0cC0066811d74f840,29291870
18,29295570,0,0,0,0,0,WINS,0xa76035cf39Cbdc57609C8977fe63d94dA5fEdC61,29295570
18,29370461,0,0,0,0,0,LIBRE,0x7b4AA45afd5798049e3056c611D686B8a4941619,29370461
8,29413371,0,0,0,0,0,WBTC,0xBf9BD029C19a871F652Fb403f9Ac5a572E4Cf2f8,29805276
8,29445965,0,0,0,0,0,WBTC,0x07c50002909b6D4BDD5a8798C83f398c9a106D2c,29446178
18,29468944,0,0,0,0,0,FUT,0x5e28C72f896561BebD191d6b39a3ea00295aB037,29468944
8,29469031,0,0,0,0,0,Matic,0x092C78b434EAa2a797B2255181d523903eC16E88,29469031
18,29506328,0,0,0,0,0,INSUR,0x8a0e8b4b0903929f47C3ea30973940D4a9702067,29506328
18,29521346,0,0,0,0,0,CHER,0x63F7BB798cf4f816bB8E2b22E41a077978d0c999,29521346
6,29587946,0,0,0,0,0,USDC,0xE2fAF8539CaD888BfC04B2d9276B4FC6dDBB2993,31815737
18,29590336,0,0,0,0,0,USDD,0x70f5A957Daa3b8fe8f23ADDD4aA5D4A956142b47,29760926
0,29594970,0,0,0,0,0,WSPP,0x1e8463F6ad0ACeaA3E6af3956343Cd69b4838B46,29594970
18,29599783,0,0,0,0,0,TVK,0x5667dcC0ab74D1b1355C3b2061893399331B57e2,29599783
18,29612435,0,0,0,0,0,DEVIL,0x62e715893f8721F02D211Abd727dCF14bf0ee916,29612435
18,29657226,0,0,0,0,0,ETH,0x8af97ec170111a4280C19f8489c52e887E14F888,29785209
18,29703314,0,0,0,0,0,SIL,0x133Bb423d9248a336D2b3086b8F44A7DbFF3a13C,29703314
10,29759424,0,0,0,0,0,CERE,0x2dA719DB753dFA10a62E140f436E1d67F2ddB0d6,29759424
6,29766899,0,0,0,0,0,axlUSDC,0x750e4C4984a9e0f12978eA6742Bc1c5D248f40ed,31765011
0,29773887,0,0,0,0,0,WSPP,0x2081BAa97d86128e0Fbb89C8C21cC4758f5aA41f,29773887
6,29779630,0,0,0,0,0,USDC,0x793ecbEB42dD81263176088C26233C73a684CF43,29779630
18,29801214,0,0,0,0,0,FLAME,0x22e3f02f86Bc8eA0D73718A2AE8851854e62adc5,30183060
9,29812801,0,0,0,0,0,Baruna,0xf6337c56be1bCeB0a5D3Fd1A673cd91D680DBCf9,29812801
18,29835685,0,0,0,0,0,MRUN,0x267DF8C1168C9d5aE8Ee97B48c7e86d8d43D88d2,29835685
18,29865213,0,0,0,0,0,CGG,0x350804865939a4fB2163FFD4205a80c52bbB1b53,29865213
9,29904705,0,0,0,0,0,0,0x29C9D17B737ff5F435e3D6c65ab63A8f99A143C6,29904705
18,29927686,0,0,0,0,0,PKT,0xfAE400Bf04f88E47D899CFe7e7C16bf8c8AE919b,29927686
18,29976347,0,0,0,0,0,PAPA,0x9ac55a14E12FF3C9dD2953e6f282b73A78bc56a6,29976347
18,30065844,0,0,0,0,0,BMI,0xa10Facae1abAc4FAE6312C615A9C3fD56075BE1A,30065844
18,30105419,0,0,0,0,0,PRTS,0xA79b052BB548D9cde9150688DBb5eDdd5Ddf8a54,30105931
5,30142853,0,0,0,0,0,YDZ,0xa88C5693c9C2549a75aCD2b44F052f6a5568e918,30142853
0,30163243,0,0,0,0,0,LUNA,0xE1324E5fbBFbEAD2DD07025A3aCDC46bf423E437,31844145
0,30192605,0,0,0,0,0,0,0x88970e33EDD3324C6AE5D05C801Dc71e2C418b6E,30192605
0,30242521,0,0,0,0,0,0,0x8db614CAd5dafbB8B765B11ceF9645A6445A3602,31922499
18,30443199,0,0,0,0,0,CELO,0x922F49a9911effc034eE756196E59BE7b90D43b3,32040315
18,30466915,0,0,0,0,0,cUSD,0xe17A2576E18061A3F8a25AD0e347664648aD6002,32421312
18,30518394,0,0,0,0,0,ella,0x429F49fAeC3d568EF83eC803e02dF78E25d5ee7d,32356989
6,30580806,0,0,0,0,0,USDC,0x22D9C9fC91EbD595af762Ed4c9D5CC1d92cabf59,30741028
18,30642596,0,0,0,0,0,CBRLP,0xd1fDE1E41c0977A89F820557510f3f15E235A08D,30644020
18,30738065,0,0,0,0,0,AVAX,0x8701EaF8fE516e0B9C3d095Be13dcCef30ABde55,30738065
6,30741676,0,0,0,0,0,mETH,0xFc37C3734F408d5059542E9115c01F67e35eBAc3,32109128
18,30797142,0,0,0,0,0,CGS,0x3CC2D7a813f53E471afDd13FfC9d3818ba733B11,30798220
6,30826317,0,0,0,0,0,BTC,0xc316C8C3D3d4772ed850822Bf6fD1d01424A4B48,30826317
6,30844228,0,0,0,0,0,USDC,0x649438142441a4f168A2a1B3A2a14B08cd80D7CE,30844228
18,30847567,0,0,0,0,0,REX,0xb521022EeaD7E7eEe95D30BA1A1f0aB657F83a61,30847567
18,30877315,0,0,0,0,0,renBTC,0x82204bF301226aA3f9dED10cAb4beC12ACd1a423,30877315
18,30888720,0,0,0,0,0,INK,0xfC389b3D75B33eAe37D30b8b2404eC27429a9876,30888720
6,30907170,0,0,0,0,0,mBTC,0x03f705e0d92Ceb6E7Ed4a1B2C31C6cbe9d92d0B5,31483840
18,30979863,0,0,0,0,0,OWL,0x9085B4d52c3e0B8B6F9AF6213E85A433c7D76f19,30979863
8,30996745,0,0,0,0,0,TBAC,0x193f3Ac934edA7a746CfEB60A627a244d76eEaA1,32455168
18,31007557,0,0,0,0,0,MATIC,0xce19b7333867131FdAD4db780b531AeC75c875F1,31007557
18,31014239,0,0,0,0,0,FUN,0xdF4515eE7471C1FF8CEf9F0eB6578a1E3ed1546d,31077931
18,31053055,0,0,0,0,0,GTPS.FI,0x01A45B65Be88b2Ec536aBACbB9Aff4D8fF2f838e,31053055
18,31077377,0,0,0,0,0,APE,0xB7b31a6BC18e48888545CE79e83E06003bE70930,31077377
18,31264551,0,0,0,0,0,cETH,0xA952A7FABFE808732AF31f44811A9CaEfda56230,31264551
18,31292750,0,0,0,0,0,GTPS,0x0B3F5F7E65eD8ccfC65A727474bA0bc42F433265,31292750
9,31427052,0,0,0,0,0,MCC,0x7Ddf744013277cEb9b496B31AdB5Ebcb98498Cf0,31427052
9,31456175,0,0,0,0,0,0,0xcb325908359b4BbE2d81868C20A77eD70ACF5067,31456175
8,31458483,0,0,0,0,0,0,0x0320763104e97097471B212afFD5aB42818B6F07,31458483
6,31466548,0,0,0,0,0,0,0xcDe4289a31920986484ad40770e86F8293213543,31466548
0,31485469,0,0,0,0,0,0,0x14be9fEd11D8B85358b2a786e32EB8408f47B645,31515486
18,31517866,0,0,0,0,0,CTI,0x03C2F6808502fFD4aB2787aD1A98eC13dbD5718b,31526464
18,31523470,0,0,0,0,0,ADX,0xC8E36f0a44fBecA89FdD5970439cBe62EB4b5d03,31944997
18,31568282,0,0,0,0,0,GAIA,0x05957123291A1462Ac47e88Be6540c47bF803163,31568282
18,31578164,0,0,0,0,0,SAND,0xd69f39250E1bD38613Df02AA1A7979e05E07Df76,31578164
18,31580932,0,0,0,0,0,ANML,0x042324a02d43897cC509f83eFe32C9A518F73B2f,31580932
8,31625799,0,0,0,0,0,CRO,0x0C7E0383EBE99084d31B8c6caEe731D86b81ef8E,31625799
18,31631831,0,0,0,0,0,SNX,0x50B728D8D964fd00C2d0AAD81718b71311feF68a,31631831
4,31662609,0,0,0,0,0,BRZ,0x6c060CE95131427550201cB296fb09F3A52150D0,31662609
18,31709902,0,0,0,0,0,indexETH,0x5A4c5065df0E1b71802Ab7fD9C0B6F314B4160e0,31738189
18,31724902,0,0,0,0,0,BLR,0xd8A5885E456C265e9938FeCc3Dde7357c58b630C,31724902
18,31725364,0,0,0,0,0,GENX,0x3eCdeB8fC5023839B92b0c293D049D61069e02b1,31725364
18,31874434,0,0,0,0,0,ATA,0x0df0f72EE0e5c9B7ca761ECec42754992B2Da5BF,31874434
18,31876605,0,0,0,0,0,USDD,0xFFA4D863C96e743A2e1513824EA006B8D0353C57,31876605
18,31882266,0,0,0,0,0,mooQiMai3Pool,0x3CB928f9B49D9bD6eF43B7310dcC17dB0528CCc6,31882266
8,31898927,0,0,0,0,0,BABBC,0x37Fa84Fc8e7154aDdAC7561E0440042DCfAF72C7,31898927
6,31942226,0,0,0,0,0,wUSDT,0x347263f3A1e9a394fD5ea9ecb8029e79c9BF46E3,31942226
18,31986255,0,0,0,0,0,QUICK,0xEAba709AeA3B1C0C784A9eF46470B768e4fb8cf2,31986255
18,31996642,0,0,0,0,0,XWIN,0x6CD6CB131764c704bA9167C29930Fbdc38901aB7,31996642
18,32027066,0,0,0,0,0,YFI,0xcFb7D721672cCFF424b142beC8636B3C214d6609,32027066
18,32034401,0,0,0,0,0,SHIB,0xB5C9F16BaeB0476b411C06d5902f06FbC6A0E598,32034401
18,32074616,0,0,0,0,0,DERC,0xFC8DF609B869CE1cA2893AA0b8106Bb35910503d,32074616
18,32112040,0,0,0,0,0,TNC,0xf7ce00f60CcaEFE2C3661e59A1E79C0170c82A50,32112040
18,32146677,0,0,0,0,0,AIOTM,0x2c89277f56dF1b879dFe616Bba16b8886Afe58c5,32146677
18,32153425,0,0,0,0,0,KNX,0xd86b7e7E330631Cb2973A3cF4395de4889EA8C9A,32153425
18,32163603,0,0,0,0,0,cUSDC,0x780dEcAc7fFd78Cb2F5ED611b8CB33F9Fe0d062f,32163603
9,32190508,0,0,0,0,0,SFM,0xeE70eB0685D10723f158Eaef9D2614f1C23E92e3,32190508
18,32194539,0,0,0,0,0,am3CRV,0xE7a24EF0C5e95Ffb0f6684b813A78F2a3AD7D171,32194539
6,32198385,0,0,0,0,0,USDC,0xbc976B36e51a099A9e783d8c07351242Df25860D,32198385
3,32221285,0,0,0,0,0,tSHIBA,0x915B352883b834b1e0eA9dcE45eAFB0dd83c456B,32221285
18,32270740,0,0,0,0,0,PBR,0x34E86c4A2c7Ea9a0994295D75990128Ad5eCc547,32270740
18,32270969,0,0,0,0,0,BAT,0x767648B420b6494e38eb4A2C37E61FB420873dE1,32270969
18,32278092,0,0,0,0,0,COSMIC,0xa5Eb60CA85898f8b26e18fF7c7E43623ccbA772C,32278092
18,32315324,0,0,0,0,0,LUNA,0x9e0f8352D63dc9561E5F2f68450BFb89c4c28b0E,32495618
18,32320733,0,0,0,0,0,GRT,0xe4cA748b306419050dFddDCABc267073279B505f,32320733
18,32445909,0,0,0,0,0,AXS,0x024a6A0511f2dfee23f170E532927A2677B4cc0D,32445909
18,32449098,0,0,0,0,0,DAI,0x490e379C9cFF64944bE82b849F8FD5972C7999A7,32449098
18,17357359,0,0,0,0,0,O3,0xEe9801669C6138E84bD50dEB500827b776777d28,32526260
18,17421789,0,0,0,0,0,OOE,0xcBbF49E5065537843a7dcFDF8f49116B2DeB5a0f,17627869
18,17673637,0,0,0,0,0,OOE,0x40817e1Ab07FC872B7aF6a959c4B7a8FEBF6C4aB,18227084
18,17790323,0,0,0,0,0,CBC,0x14e449473251F2D9D4eA5D26199F002C214b2475,25151313
9,17792020,0,0,0,0,0,ONG,0x727e6cA466a7522D54F1f0b97a344f64e65d2767,30890680
18,18354314,0,0,0,0,0,pWIT,0xAACD1BA28e00A480Ed7CB5284b7719C0BD694A94,18363866
18,18489502,0,0,0,0,0,OOE,0x9d5565dA88e596730522CbC5a918d2A89dbC16d9,32374483
18,18842120,0,0,0,0,0,TSX,0xF11de26883EB2EBF9877a01703DDC1eB619094E6,32523435
18,19449528,0,0,0,0,0,ITFP,0x5D7Cf9f0A5cD9D831a85bEBf1cc3Ce4FD6a221AA,19455703
18,19453132,0,0,0,0,0,FLUX,0xd10852DF03Ea8b8Af0CC0B09cAc3f7dbB15e0433,32412368
18,19978317,0,0,0,0,0,ITFX,0xeb48CF0caA8B39E0B3b1fEE774caa9F9c45dbcD9,31201604
18,20247968,0,0,0,0,0,SKILL,0x863D6074aFaF02D9D41A5f8Ea83278DF7089aA86,32520233
6,20724698,0,0,0,0,0,NB,0x86aE11a962895bbFe67CbE5Fb0a41706E7e3C1c7,31649901
9,20883112,0,0,0,0,0,STN-Test,0x6822b6fb29B9E057345ee55f536b490e8bF718D6,21002228
9,20891466,0,0,0,0,0,STN-Test,0xB2482100d89C183f14e15ACF4869Ea8e7a92F4eE,20893598
18,21549613,0,0,0,0,0,RFuel,0x69a1913d334b524ea1632461C78797c837CA9fa6,26807933
18,21796856,0,0,0,0,0,STACK,0x980111ae1B84E50222C8843e3A7a038F36Fecd2b,32530928
18,23809061,0,0,0,0,0,ZO,0x3b808Db06074E1bAe5dFE0D970dc7B891EE26Cac,30655339
8,24718407,0,0,0,0,0,GM,0x6a335AC6A3cdf444967Fe03E7b6B273c86043990,32500888
8,25040020,0,0,0,0,0,GAS,0x22506CF648764800ac6913FE5e9E34a2621B7E08,25040020
18,25078778,0,0,0,0,0,NFH2,0xd4Ad4bf7D54168B85F409401938c887263533589,27024881
18,25431718,0,0,0,0,0,NEST,0x98f8669F6481EbB341B522fCD3663f79A3d1A6A7,32121471
18,26787300,0,0,0,0,0,METR,0x405CE8B2eAeeA7D4Ba5Fc160848cB2A6569e03f0,32451960
18,27473038,0,0,0,0,0,EarnX,0xc2dA68Cd8B7Fc32CF2fcECC35Ca33471cC91C481,27922723
18,29063156,0,0,0,0,0,ERATO,0x04c68A7fB750ca0Ba232105B3b094926a0f77645,29064981
18,29198443,0,0,0,0,0,ERATO,0xB54e743A7beB28460fe1dD93EBaf450A04F14aF1,29198443
18,29228197,0,0,6,USDC,0x2791Bca1f2de4661ED88A30C99A7a9449Aa84174,pUSDC,0x86e28CE4a17B28dFB03830e6542c143d437c2456,32528180
18,29351030,0,0,6,USDT,0xc2132D05D31c914a87C6611C10748AEb04B58e8F,pUSDT,0xe1443912860ED8bAa2841CD4E6Bb84337CCf6e4C,32533201
18,29353416,0,0,18,WETH,0x7ceB23fD6bC0adD59E62ac25578270cFf1b9f619,pWETH,0x4c66A27eCec5Af2e87aD8c8CE5Fb4cFC30437ec3,32453782
18,29357092,0,0,18,DAI,0x8f3Cf7ad23Cd3CaDbD9735AFf958023239c6A063,pDAI,0xd9fb513766E60a569697d1f17aE466b0Cb887454,32441773
18,30240654,0,0,18,O3,0xEe9801669C6138E84bD50dEB500827b776777d28,pO3,0x68f5E5357377d4dE24AB721765c1e26E6Be34fc3,32516080
18,30435008,0,0,18,ROOBEE,0xFaFA220145DfA5C3Ec85B6FA8a75aEE2451CDe5E,pROOBEE,0xC9483Ea9f0abDacc7D313A0148767Dc8d259A621,31893854
18,30448686,0,0,0,0,0,pATA,0x4b73b31D2Eb9b91A950394e709C7dBE569cd8bB0,32446537
18,31007026,0,0,0,0,0,PUSD,0xf26D86043a3133Cc042221Ea178cAED7Fe0eE362,31007026
18,31007115,0,0,0,0,0,PETH,0x1E0967e10B5Ef10342d4D71da69c30332666C899,31007115
18,31989426,0,0,0,0,0,pSTACK,0xB07ba87F2c52AF9e2A0F21c341886ea534713e3A,32259732
18,31990461,0,0,18,WMATIC,0x0d500B1d8E8eF31E21C99d1Db9A6444d3ADf1270,pWMATIC,0x8A2AE0Cf4674e8F83A1d823f57dc5735c5677c21,31990461
18,32044717,0,0,8,GM,0x6a335AC6A3cdf444967Fe03E7b6B273c86043990,pGM,0xC59Ac0f66Fd97Ddb29E2Ec7E99edfb5Bf661F348,32044717